{
  "components/category/sidebar": "<nav>\r\n    {{#if category.subcategories}}\r\n        <div class=\"sidebarBlock\">\r\n            <h2 class=\"sidebarBlock-heading\">{{category.name}}</h2>\r\n            <ul class=\"navList\">\r\n                {{#each category.subcategories}}\r\n                <li class=\"navList-item\">\r\n                    <a class=\"navList-action\" href=\"{{url}}\" title=\"{{name}}\">{{name}}</a>\r\n                </li>\r\n                {{/each}}\r\n            </ul>\r\n        </div>\r\n    {{/if}}\r\n\r\n    {{#if category.faceted_search_enabled}}\r\n        {{> components/faceted-search/index category}}\r\n    {{else}}\r\n        {{> components/category/shop-by-price}}\r\n    {{/if}}\r\n</nav>\r\n",
  "components/faceted-search/index": "<div id=\"facetedSearch\" class=\"facetedSearch sidebarBlock\" role=\"region\" aria-label=\"{{lang 'search.faceted.label'}}\">\r\n    {{> components/faceted-search/selected-facets selected}}\r\n\r\n    <a href=\"#facetedSearch-navList\" role=\"button\" class=\"facetedSearch-toggle toggleLink\" data-collapsible>\r\n        <span class=\"facetedSearch-toggle-text\">\r\n            {{#if facets.length '>' 2}}\r\n                {{lang 'search.faceted.browse-by'}} {{join (pluck facets 'title') ', ' limit=2}} &amp; {{toLowerCase (lang 'search.faceted.more')}}\r\n            {{else}}\r\n                {{lang 'search.faceted.browse-by'}} {{join (pluck facets 'title') ', ' lastSeparator=' & '}}\r\n            {{/if}}\r\n        </span>\r\n\r\n        <span class=\"facetedSearch-toggle-indicator\">\r\n            <span class=\"toggleLink-text toggleLink-text--on\">\r\n                {{lang 'search.faceted.hide-filters'}}\r\n\r\n                <i class=\"icon\" aria-hidden=\"true\">\r\n                    <svg><use href=\"#icon-keyboard-arrow-up\"/></svg>\r\n                </i>\r\n            </span>\r\n\r\n            <span class=\"toggleLink-text toggleLink-text--off\">\r\n                {{lang 'search.faceted.show-filters'}}\r\n\r\n                <i class=\"icon\" aria-hidden=\"true\">\r\n                    <svg><use href=\"#icon-keyboard-arrow-down\"/></svg>\r\n                </i>\r\n            </span>\r\n        </span>\r\n    </a>\r\n\r\n    {{#any facets visible=true}}\r\n        <div id=\"facetedSearch-navList\"\r\n            class=\"facetedSearch-navList\"\r\n        >\r\n            <div class=\"accordion accordion--navList\">\r\n                {{#each facets}}\r\n                    {{#if visible}}\r\n                        {{{dynamicComponent 'components/faceted-search/facets'}}}\r\n                    {{/if}}\r\n                {{/each}}\r\n            </div>\r\n\r\n            <div class=\"blocker\" style=\"display: none;\"></div>\r\n        </div>\r\n    {{/any}}\r\n</div>\r\n",
  "components/category/shop-by-price": "{{#if theme_settings.shop_by_price_visibility}}\r\n    <div class=\"sidebarBlock\">\r\n        <h2 class=\"sidebarBlock-heading heading-price\" data-shop-by-price>{{lang 'category.shop_by_price'}}</h2>\r\n\r\n        {{> components/faceted-search/range-form shop_by_price=theme_settings.shop_by_price_visibility}}\r\n\r\n        <div class=\"reset-filters\">\r\n            <a href=\"{{category.url}}\" class=\"navList-action reset-btn\">{{lang 'category.reset'}}</a>\r\n            <span class=\"reset-message aria-description--hidden\">{{lang 'category.filter_reset_announcement'}}</span>\r\n        </div>\r\n    </div>\r\n{{/if}}\r\n",
  "components/faceted-search/range-form": "<form id=\"facet-range-form\" class=\"form\" method=\"get\" data-faceted-search-range novalidate>\r\n    <input type=\"hidden\" name=\"search_query\" value=\"{{search_query}}\">\r\n    {{#if this.sort}}\r\n        <input type=\"hidden\" name=\"sort\" value=\"{{this.sort}}\">\r\n    {{/if}}\r\n    <fieldset class=\"form-fieldset\">\r\n        <div class=\"form-minMaxRow\">\r\n            <div class=\"form-field\">\r\n                <input\r\n                    name=\"{{#if shop_by_price}}price_min{{else}}min_price{{/if}}\"\r\n                    placeholder=\"{{lang 'search.faceted.range.min-placeholder'}}\"\r\n                    min=\"0\"\r\n                    class=\"form-input form-input--small\"\r\n                    required\r\n                    type=\"number\"\r\n                    value=\"{{min_price}}\"\r\n                    aria-label=\"{{lang 'search.faceted.range.min-placeholder'}}\"\r\n                    aria-describedby=\"min_price_description\"\r\n                />\r\n                <span id=\"min_price_description\" class=\"aria-description--hidden\">{{lang 'search.faceted.range.min-description'}}</span>\r\n            </div>\r\n\r\n            <div class=\"form-field\">\r\n                <input\r\n                    name=\"{{#if shop_by_price}}price_max{{else}}max_price{{/if}}\"\r\n                    placeholder=\"{{lang 'search.faceted.range.max-placeholder'}}\"\r\n                    min=\"0\"\r\n                    class=\"form-input form-input--small\"\r\n                    required\r\n                    type=\"number\"\r\n                    value=\"{{max_price}}\"\r\n                    aria-label=\"{{lang 'search.faceted.range.max-placeholder'}}\"\r\n                    aria-describedby=\"max_price_description\"\r\n                />\r\n                <span id=\"max_price_description\" class=\"aria-description--hidden\">{{lang 'search.faceted.range.max-description'}}</span>\r\n            </div>\r\n\r\n            <div class=\"form-field\">\r\n                <button class=\"button button--small\" type=\"submit\">\r\n                    {{lang 'search.faceted.range.update'}}\r\n                </button>\r\n            </div>\r\n        </div>\r\n\r\n        <div class=\"form-inlineMessage\" aria-live=\"polite\" role=\"alert\"></div>\r\n    </fieldset>\r\n</form>\r\n",
  "components/faceted-search/selected-facets": "<div class=\"facetedSearch-refineFilters sidebarBlock\" role=\"region\" aria-label=\"{{lang 'search.faceted.selected.facet-label'}}\">\r\n    <h2 class=\"sidebarBlock-heading\">\r\n        {{lang 'search.faceted.selected.title'}}\r\n    </h2>\r\n\r\n    {{#if items}}\r\n        <ul class=\"inlineList inlineList--labels\">\r\n            {{#each items}}\r\n                <li>\r\n                    <a href=\"{{url}}\"\r\n                       class=\"facetLabel\"\r\n                       rel=\"nofollow\"\r\n                       data-faceted-search-facet\r\n                    >\r\n                        {{#if facet '===' 'rating'}}\r\n                            {{lang 'search.faceted.selected.rating-label' rating=title}}\r\n                        {{else}}\r\n                            {{{sanitize title}}}\r\n                        {{/if}}\r\n\r\n                        <svg class=\"icon\">\r\n                            <use href=\"#icon-close\" />\r\n                        </svg>\r\n                    </a>\r\n                </li>\r\n            {{/each}}\r\n        </ul>\r\n    {{else}}\r\n        <p>{{lang 'search.faceted.selected.no-filters'}}</p>\r\n    {{/if}}\r\n\r\n    {{#if remove_all_url}}\r\n        <a href=\"{{remove_all_url}}\" data-faceted-search-facet>\r\n            {{lang 'search.faceted.selected.clear-all'}}\r\n        </a>\r\n    {{/if}}\r\n</div>\r\n",
  "components/faceted-search/facets/hierarchy-children": "<ul class=\"navList navList--inner\">\r\n    {{#each this}}\r\n        <li class=\"navList-item\">\r\n            <a\r\n            href=\"{{url}}\"\r\n            class=\"navList-action navList-action--checkbox{{#if selected}} is-selected{{/if}}{{#if has_sub_categories}} has-children{{/if}}\"\r\n            rel=\"nofollow\"\r\n            data-id=\"{{id}}\"\r\n            data-faceted-search-facet>\r\n                {{{sanitize title}}}\r\n                {{#if ../show_product_counts}}\r\n                    {{#if count}}\r\n                        <span>({{count}})</span>\r\n                    {{/if}}\r\n                {{/if}}\r\n            </a>\r\n            {{#if children}}\r\n                {{> components/faceted-search/facets/hierarchy-children children}}\r\n            {{/if}}\r\n        </li>\r\n    {{/each}}\r\n</ul>\r\n",
  "components/faceted-search/facets/hierarchy": "{{#if items}}\r\n<div class=\"accordion-block\">\r\n    {{> components/faceted-search/faceted-search-navigation}}\r\n\r\n    <div id=\"facetedSearch-content--{{dashcase facet}}\" class=\"accordion-content{{#unless start_collapsed}} is-open{{/unless}}\">\r\n        <ul id=\"facetedSearch-navList--{{dashcase facet}}\" class=\"navList\" data-facet=\"{{facet}}\" data-has-more-results=\"{{has_more_results}}\">\r\n            {{#each items}}\r\n                <li class=\"navList-item\">\r\n                    <a\r\n                        href=\"{{url}}\"\r\n                        class=\"navList-action navList-action--checkbox{{#if selected }} is-selected{{/if}}{{#if has_sub_categories}} has-children{{/if}}\"\r\n                        rel=\"nofollow\"\r\n                        data-id=\"{{id}}\"\r\n                        data-faceted-search-facet>\r\n                        {{{sanitize title}}}\r\n                        {{#if ../show_product_counts}}\r\n                            <span>({{count}})</span>\r\n                        {{/if}}\r\n                    </a>\r\n                    {{#if children}}\r\n                        {{> components/faceted-search/facets/hierarchy-children children}}\r\n                    {{/if}}\r\n                </li>\r\n            {{/each}}\r\n        </ul>\r\n\r\n        {{#if show_more_toggle}}\r\n            <a href=\"#facetedSearch-navList--{{dashcase facet}}\" role=\"button\" class=\"toggleLink\">\r\n                <span class=\"toggleLink-text toggleLink-text--off\">{{lang 'search.faceted.show-more'}}</span>\r\n            </a>\r\n        {{/if}}\r\n    </div>\r\n</div>\r\n{{/if}}\r\n",
  "components/faceted-search/facets/range": "<div class=\"accordion-block\">\r\n    {{> components/faceted-search/faceted-search-navigation}}\r\n\r\n    <div id=\"facetedSearch-content--{{dashcase facet}}\" class=\"accordion-content{{#unless start_collapsed}} is-open{{/unless}}\">\r\n        {{> components/faceted-search/range-form}}\r\n    </div>\r\n</div>\r\n",
  "components/faceted-search/facets/multi": "{{#if items}}\r\n<div class=\"accordion-block\">\r\n    {{> components/faceted-search/faceted-search-navigation}}\r\n\r\n    <div id=\"facetedSearch-content--{{dashcase facet}}\" class=\"accordion-content{{#unless start_collapsed}} is-open{{/unless}}\">\r\n        <ul id=\"facetedSearch-navList--{{dashcase facet}}\" data-facet=\"{{facet}}\" class=\"navList\" data-has-more-results=\"{{has_more_results}}\">\r\n            {{#each items}}\r\n                <li class=\"navList-item\">\r\n                    <a\r\n                        href=\"{{url}}\"\r\n                        class=\"navList-action navList-action--checkbox{{#if selected}} is-selected{{/if}}\"\r\n                        rel=\"nofollow\"\r\n                        data-faceted-search-facet>\r\n                        {{{sanitize title}}}\r\n                        {{#if ../show_product_counts}}\r\n                            <span>({{count}})</span>\r\n                        {{/if}}\r\n\r\n                        <span class=\"navList-action-close\" aria-hidden=\"true\">\r\n                            <svg class=\"icon\">\r\n                                <use href=\"#icon-close\"/>\r\n                            </svg>\r\n                        </span>\r\n                    </a>\r\n                </li>\r\n            {{/each}}\r\n        </ul>\r\n\r\n        {{#if show_more_toggle}}\r\n            <a href=\"#facetedSearch-navList--{{dashcase facet}}\" role=\"button\" class=\"toggleLink\">\r\n                <span class=\"toggleLink-text toggleLink-text--off\">{{lang 'search.faceted.show-more'}}</span>\r\n            </a>\r\n        {{/if}}\r\n    </div>\r\n</div>\r\n{{/if}}\r\n",
  "components/faceted-search/facets/rating": "{{#if items}}\r\n<div class=\"accordion-block\">\r\n    {{> components/faceted-search/faceted-search-navigation}}\r\n\r\n    <div id=\"facetedSearch-content--{{dashcase facet}}\" class=\"accordion-content facetedSearch-content--{{dashcase facet}}{{#unless start_collapsed}} is-open{{/unless}}\">\r\n        <ul class=\"navList\">\r\n            {{#each items}}\r\n                <li class=\"navList-item\">\r\n                    <a href=\"{{url}}\"\r\n                       class=\"navList-action{{#if selected}} is-selected{{/if}}\"\r\n                       rel=\"nofollow\"\r\n                       data-faceted-search-facet>\r\n                        <span class=\"rating--small\">\r\n                            {{> components/products/ratings rating=title}}\r\n                        </span>\r\n                        {{lang 'search.faceted.rating.and-up'}}\r\n                        {{#if ../show_product_counts}}\r\n                            <span>({{count}})</span>\r\n                        {{/if}}\r\n                    </a>\r\n                </li>\r\n            {{/each}}\r\n        </ul>\r\n    </div>\r\n</div>\r\n{{/if}}\r\n",
  "components/faceted-search/faceted-search-navigation": "<h2 class=\"accordion-heading accordion-nav-clear-holder\">\r\n    <button type=\"button\"\r\n         class=\"accordion-navigation toggleLink{{#unless start_collapsed}} is-open{{/unless}}\"\r\n         data-collapsible=\"#facetedSearch-content--{{dashcase facet}}\"\r\n         aria-label=\"{{lang 'search.faceted.toggleSection' title=title}}\"\r\n    >\r\n        <span class=\"accordion-title\">\r\n            {{title}}\r\n        </span>\r\n\r\n        <span>\r\n            <svg class=\"icon accordion-indicator toggleLink-text toggleLink-text--off\">\r\n                <use href=\"#icon-add\" />\r\n            </svg>\r\n            <svg class=\"icon accordion-indicator toggleLink-text toggleLink-text--on\">\r\n                <use href=\"#icon-remove\" />\r\n            </svg>\r\n        </span>\r\n    </button>\r\n    {{#if selected}}\r\n        <a href=\"{{remove_url}}\" class=\"facetedSearch-clearLink\" data-faceted-search-facet>{{lang 'search.faceted.clear'}}</a>\r\n    {{/if}}\r\n</h2>\r\n",
  "components/products/ratings": "<span role=\"img\"\r\n    {{#if rating_target}}\r\n      aria-label=\"{{lang 'products.reviews.rating_aria_label' rating_target=rating_target current_rating=rating max_rating=5}}\"\r\n    {{else}}\r\n      aria-label=\"{{lang 'products.reviews.rating_aria_label' rating_target='Product' current_rating=rating max_rating=5}}\"\r\n    {{/if}}\r\n>\r\n    {{#for 1 5}}\r\n        {{#if ../this.rating '>=' $index}}\r\n            <span class=\"icon icon--ratingFull\">\r\n                <svg>\r\n                    <use href=\"#icon-star\" />\r\n                </svg>\r\n            </span>\r\n        {{else}}\r\n            <span class=\"icon icon--ratingEmpty\">\r\n                <svg>\r\n                    <use href=\"#icon-star\" />\r\n                </svg>\r\n            </span>\r\n        {{/if}}\r\n    {{/for}}\r\n</span>\r\n"
}