{
  "components/account/edit-account": "<form action=\"{{urls.account.update_action}}\" data-edit-account-form class=\"form\" method=\"post\">\r\n    {{inject 'firstName' (lang 'forms.validate.account.edit.first_name')}}\r\n    {{inject 'lastName' (lang 'forms.validate.account.edit.last_name')}}\r\n    {{inject 'phoneNumber' (lang 'forms.validate.account.edit.phone')}}\r\n    {{inject 'currentPassword' (lang 'forms.validate.account.edit.password')}}\r\n    <fieldset class=\"form-fieldset\">\r\n        <div class=\"form-row form-row--half\">\r\n            <div class=\"form-field\" id=\"account_firstname_id\">\r\n                <label class=\"form-label\" for=\"account_firstname\">\r\n                    {{lang 'account.settings.first_name' }}\r\n                    <small>{{lang 'common.required' }}</small>\r\n                </label>\r\n                <input aria-labelledby=\"account_firstname_id\" aria-live=\"polite\" autocomplete=\"given-name\" type=\"text\" class=\"form-input\" name=\"account_firstname\" id=\"account_firstname\" value=\"{{forms.edit_account.first_name}}\">\r\n            </div>\r\n            <div class=\"form-field\" id=\"account_lastname_id\">\r\n                <label class=\"form-label\" for=\"account_lastname\">\r\n                    {{lang 'account.settings.last_name' }}\r\n                    <small>{{lang 'common.required' }}</small>\r\n                </label>\r\n                <input aria-labelledby=\"account_lastname_id\" aria-live=\"polite\" autocomplete=\"family-name\" type=\"text\" class=\"form-input\" name=\"account_lastname\" id=\"account_lastname\" value=\"{{forms.edit_account.last_name}}\">\r\n            </div>\r\n            <div class=\"form-field\" id=\"account_companyname_id\">\r\n                <label class=\"form-label\" for=\"account_companyname\">\r\n                    {{lang 'account.settings.company' }}\r\n                </label>\r\n                <input aria-labelledby=\"account_companyname_id\" aria-live=\"polite\" autocomplete=\"organization\" type=\"text\" class=\"form-input\" name=\"account_companyname\" id=\"account_companyname\" value=\"{{forms.edit_account.company_name}}\">\r\n            </div>\r\n            <div class=\"form-field\" id=\"account_phone_id\">\r\n                <label class=\"form-label\" for=\"account_phone\">\r\n                    {{lang 'account.settings.phone' }}\r\n                </label>\r\n                <input aria-labelledby=\"account_phone_id\" aria-live=\"polite\" autocomplete=\"tel\" type=\"text\" class=\"form-input\" name=\"account_phone\" id=\"account_phone\" value=\"{{forms.edit_account.phone}}\">\r\n            </div>\r\n            {{#each forms.edit_account.fields}}\r\n                {{{dynamicComponent 'components/common/forms'}}}\r\n            {{/each}}\r\n        </div>\r\n    </fieldset>\r\n    <div class=\"form-actions\">\r\n        <button class=\"button button--primary\">{{lang 'account.settings.update_details'}}</button>\r\n    </div>\r\n</form>\r\n",
  "components/common/forms/checkbox": "<div class=\"form-field\" id=\"{{id}}\" data-validation=\"{{validation}}\" {{#if private_id}}data-type=\"{{private_id}}\"{{/if}}>\r\n    <label class=\"form-label\" for=\"{{id}}\">{{label}}\r\n        {{#if required}}\r\n            <small>{{lang 'common.required' }}</small>\r\n        {{/if}}\r\n    </label>\r\n    {{#if checkboxes}}\r\n        {{#each checkboxes}}\r\n            <input type=\"checkbox\"\r\n                   value=\"{{value}}\"\r\n                   name=\"{{name}}\"\r\n                   id=\"{{name}}\"\r\n                   data-input\r\n                   data-label=\"{{label}}\"\r\n                   class=\"form-checkbox\"\r\n                   aria-labelledby=\"{{id}}\"\r\n                   aria-live=\"polite\"\r\n                   {{#if checked}}checked{{/if}}\r\n                   {{#if private_id}}data-field-type=\"{{private_id}}\"{{/if}}\r\n            >\r\n            <label class=\"form-label {{class}}\" for=\"{{name}}\">{{label}}</label>\r\n        {{/each}}\r\n    {{/if}}\r\n</div>\r\n",
  "components/common/forms/multiline": "<div class=\"form-field\" id=\"{{id}}\" data-validation=\"{{validation}}\">\r\n    <label class=\"form-label\" for=\"{{id}}_input\">{{label}}\r\n        {{#if required}}\r\n            <small>{{lang 'common.required' }}</small>\r\n        {{/if}}\r\n    </label>\r\n    <textarea name=\"{{name}}\"\r\n              id=\"{{id}}_input\"\r\n              data-label=\"{{label}}\"\r\n              rows=\"{{rows}}\"\r\n              aria-required=\"{{required}}\"\r\n              aria-labelledby=\"{{id}}\"\r\n              aria-live=\"polite\"\r\n              data-input\r\n              class=\"form-input\"\r\n              {{#if private_id}}data-field-type=\"{{private_id}}\"{{/if}}\r\n    >{{value}}</textarea>\r\n</div>\r\n",
  "components/common/forms/date-options": "{{#unless this.value}}\r\n    <option value=\"\">---</option>\r\n    {{#each this.items}}\r\n        <option value=\"{{value}}\">{{label}}</option>\r\n    {{/each}}\r\n{{else}}\r\n    {{#unless this.isRequired}}\r\n        <option value=\"\">---</option>\r\n    {{/unless}}\r\n    {{#each this.items}}\r\n        <option {{#if ../this.value '==' value}} selected {{/if}}value=\"{{value}}\">{{label}}</option>\r\n    {{/each}}\r\n{{/unless}}\r\n",
  "components/common/forms/date": "<div class=\"form-field\" id=\"{{id}}\" data-validation=\"{{validation}}\" {{#if private_id}}data-type=\"{{private_id}}\"{{/if}}>\r\n    <label class=\"form-label\" for=\"{{id}}\">\r\n        {{label}}\r\n        {{#if required}}\r\n            <small>{{lang 'common.required' }}</small>\r\n        {{/if}}\r\n    </label>\r\n    <div class=\"form-row form-row--third\">\r\n        <div class=\"form-field\">\r\n            <select class=\"form-select\"\r\n                    name=\"{{month.name}}\"\r\n                    id=\"{{id}}_month\"\r\n                    data-label=\"month\"\r\n                    data-input\r\n                    aria-required=\"{{required}}\"\r\n                    aria-labelledby=\"{{id}}\"\r\n                    aria-live=\"polite\"\r\n                    {{#if private_id}}data-field-type=\"{{private_id}}\"{{/if}}\r\n            >\r\n            {{> components/common/forms/date-options month isRequired=required}}\r\n            </select>\r\n        </div>\r\n        <div class=\"form-field\">\r\n            <select class=\"form-select\"\r\n                    name=\"{{day.name}}\"\r\n                    id=\"{{id}}_day\"\r\n                    data-label=\"day\"\r\n                    data-input\r\n                    aria-required=\"{{required}}\"\r\n                    aria-labelledby=\"{{id}}\"\r\n                    aria-live=\"polite\"\r\n                    {{#if private_id}}data-field-type=\"{{private_id}}\"{{/if}}\r\n            >\r\n            {{> components/common/forms/date-options day isRequired=required}}\r\n            </select>\r\n        </div>\r\n        <div class=\"form-field\">\r\n            <select class=\"form-select\"\r\n                    name=\"{{year.name}}\"\r\n                    id=\"{{id}}_year\"\r\n                    data-label=\"year\"\r\n                    data-input\r\n                    aria-required=\"{{required}}\"\r\n                    aria-labelledby=\"{{id}}\"\r\n                    aria-live=\"polite\"\r\n                    {{#if private_id}}data-field-type=\"{{private_id}}\"{{/if}}\r\n            >\r\n            {{> components/common/forms/date-options year isRequired=required}}\r\n            </select>\r\n        </div>\r\n    </div>\r\n</div>\r\n",
  "components/common/forms/number": "<div class=\"form-field\" id=\"{{id}}\" data-validation=\"{{validation}}\">\r\n    <label class=\"form-label\" for=\"{{id}}_input\">{{label}}\r\n        {{#if required}}<small>{{lang 'common.required' }}</small>{{/if}}\r\n    </label>\r\n    <input type=\"number\"\r\n           class=\"form-input\"\r\n           data-label=\"{{label}}\"\r\n           data-input\r\n           data-rule=\"lowerThan\"\r\n           min=\"{{limitfrom}}\"\r\n           max=\"{{limitto}}\"\r\n           title=\"{{lang 'forms.range' limitFrom=limitfrom limitTo=limitto}}\"\r\n           value=\"{{value}}\"\r\n           id=\"{{id}}_input\"\r\n           name=\"{{name}}\"\r\n           aria-required=\"{{required}}\"\r\n           aria-labelledby=\"{{id}}\"\r\n           aria-live=\"polite\"\r\n           {{#if private_id}}data-field-type=\"{{private_id}}\"{{/if}}\r\n    >\r\n</div>\r\n",
  "components/common/forms/password": "<div class=\"form-field\" id=\"{{id}}\" data-validation=\"{{validation}}\" {{#if private_id}}data-type=\"{{private_id}}\"{{/if}}>\r\n    <label class=\"form-label\" for=\"{{id}}_input\">{{label}}\r\n        {{#if required}}\r\n            <small>{{lang 'common.required' }}</small>\r\n        {{/if}}\r\n    </label>\r\n    <input type=\"password\"\r\n           class=\"form-input\"\r\n           id=\"{{id}}_input\"\r\n           data-label=\"{{label}}\"\r\n           name=\"{{name}}\"\r\n           value=\"{{value}}\"\r\n           autocomplete=\"off\"\r\n           aria-required=\"{{required}}\"\r\n           aria-labelledby=\"{{id}}\"\r\n           aria-live=\"polite\"\r\n           {{#if private_id}}data-field-type=\"{{private_id}}\"{{/if}}\r\n    >\r\n</div>\r\n",
  "components/common/forms/radio": "<div class=\"form-field\" id=\"{{id}}\" data-validation=\"{{validation}}\">\r\n    <label class=\"form-label\">{{label}}\r\n        {{#if required}}\r\n            <small>{{lang 'common.required' }}</small>\r\n        {{/if}}\r\n    </label>\r\n    {{#if radios}}\r\n        {{#each radios}}\r\n            <input\r\n                type=\"radio\"\r\n                class=\"form-radio\"\r\n                name=\"{{../name}}\"\r\n                id=\"{{../name}}_{{@index}}\"\r\n                value=\"{{value}}\"\r\n                data-label=\"{{label}}\"\r\n                data-input\r\n                aria-required=\"{{required}}\"\r\n                aria-labelledby=\"{{id}}\"\r\n                aria-live=\"polite\"\r\n                {{#if checked}}checked{{/if}}\r\n                {{#if private_id}}data-field-type=\"{{private_id}}\"{{/if}}\r\n            >\r\n            <label class=\"form-label\" for=\"{{../name}}_{{@index}}\">{{label}}</label>\r\n        {{/each}}\r\n    {{/if}}\r\n</div>\r\n",
  "components/common/forms/select": "<div class=\"form-field\" id=\"{{id}}\" data-validation=\"{{validation}}\" {{#if private_id}} data-type=\"{{private_id}}\"\r\n    {{/if}}>\r\n    <label class=\"form-label\" for=\"{{id}}_select\">{{label}}\r\n        {{#if required}}<small>{{lang 'common.required' }}</small>{{/if}}\r\n    </label>\r\n    <select class=\"{{class}} form-select\"\r\n            id=\"{{id}}_select\"\r\n            data-label=\"{{label}}\"\r\n            data-input\r\n            aria-required=\"{{required}}\"\r\n            aria-labelledby=\"{{id}}\"\r\n            aria-live=\"polite\"\r\n            name=\"{{name}}\"\r\n            {{#if private_id}} data-field-type=\"{{private_id}}\" {{/if}}\r\n    >\r\n        {{#if options}}\r\n        <option value=\"\">{{chooseprefix}}</option>\r\n        {{#each options}}\r\n        <option {{#if selected}} selected {{/if}} value=\"{{value}}\">{{{label}}}</option>\r\n        {{/each}}\r\n        {{/if}}\r\n    </select>\r\n</div>\r\n",
  "components/common/forms/text": "<div class=\"form-field\" id=\"{{id}}\" data-validation=\"{{validation}}\" {{#if private_id}}data-type=\"{{private_id}}\"{{/if}}>\r\n    <label class=\"form-label\" for=\"{{id}}_input\">{{label}}\r\n        {{#if required}}<small>{{lang 'common.required' }}</small>{{/if}}\r\n    </label>\r\n    <input type=\"text\"\r\n           name=\"{{name}}\"\r\n           id=\"{{id}}_input\"\r\n           class=\"form-input\"\r\n           data-label=\"{{label}}\"\r\n           data-input\r\n           aria-required=\"{{required}}\"\r\n           aria-labelledby=\"{{id}}\"\r\n           aria-live=\"polite\"\r\n           {{#if value}} value=\"{{value}}\"{{/if}}\r\n           {{#if maxlength}}maxlength=\"{{maxlength}}\"{{/if}}\r\n           {{#if placeholder}} placeholder=\"{{placeholder}}\"{{/if}}\r\n           {{#if private_id}}data-field-type=\"{{private_id}}\"{{/if}}\r\n    >\r\n</div>\r\n",
  "components/common/forms/selectortext": "<div class=\"form-field\" id=\"{{id}}\" data-validation=\"{{validation}}\" {{#if private_id}}data-type=\"{{private_id}}\"{{/if}}>\r\n    <noscript>\r\n        <label class=\"form-label\" for=\"{{id}}_input\">{{label}}\r\n            {{#if required}}<small>{{lang 'common.required' }}</small>{{/if}}\r\n        </label>\r\n        <input type=\"text\"\r\n               id=\"{{id}}_input\"\r\n               name=\"{{name}}\"\r\n               value=\"{{value}}\"\r\n               class=\"form-input\"\r\n               aria-required=\"{{required}}\"\r\n               aria-labelledby=\"{{id}}\"\r\n               aria-live=\"polite\"\r\n               data-label=\"{{label}}\"\r\n               data-input\r\n        />\r\n    </noscript>\r\n\r\n    <label class=\"form-label\" for=\"{{id}}_select\">{{label}}\r\n        {{#if required}}\r\n            <small>{{lang 'common.required'}}</small>\r\n        {{/if}}\r\n    </label>\r\n    <select name=\"{{name}}\"\r\n            class=\"form-select\"\r\n            aria-required=\"{{required}}\"\r\n            aria-labelledby=\"{{id}}\"\r\n            aria-live=\"polite\"\r\n            id=\"{{id}}_select\"\r\n            data-label=\"{{label}}\"\r\n            data-input\r\n            {{#if private_id}}data-field-type=\"{{private_id}}\"{{/if}}\r\n    >\r\n        {{#if options}}\r\n            <option value=\"\">{{chooseprefix}}</option>\r\n            {{#each options}}\r\n                <option {{#if selected}} selected {{/if}}value=\"{{value}}\">{{label}}</option>\r\n            {{/each}}\r\n        {{/if}}\r\n    </select>\r\n</div>\r\n"
}