{
  "pages/home": "---\r\nproducts:\r\n    new:\r\n        limit: {{theme_settings.homepage_new_products_count}}\r\n    featured:\r\n        limit: {{theme_settings.homepage_featured_products_count}}\r\n    top_sellers:\r\n        limit: {{theme_settings.homepage_top_products_count}}\r\ncarousel: {{theme_settings.homepage_show_carousel}}\r\nblog:\r\n    recent_posts:\r\n        limit: {{theme_settings.homepage_blog_posts_count}}\r\n---\r\n{{#partial \"hero\"}}\r\n    {{{region name=\"home_below_menu\"}}}\r\n    {{#and carousel carousel.slides.length}}\r\n        {{> components/carousel arrows=theme_settings.homepage_show_carousel_arrows play_pause_button=theme_settings.homepage_show_carousel_play_pause_button}}\r\n    {{/and}}\r\n    {{{region name=\"home_below_carousel\"}}}\r\n        {{#if products.top_sellers}}\r\n        <div class=\"top-seller-carousel\">\r\n            {{> components/products/top products=products.top_sellers columns=theme_settings.homepage_top_products_column_count}}\r\n        </div>\r\n    {{/if}}\r\n    {{{region name=\"home_below_top_products\"}}}\r\n{{/partial}}\r\n\r\n{{#partial \"page\"}}\r\n\r\n    {{#each shipping_messages}}\r\n        {{> components/common/alert/alert-info message}}\r\n    {{/each}}\r\n\r\n<div class=\"main full\">\r\n    {{#if products.featured}}\r\n        {{> components/products/featured products=products.featured columns=theme_settings.homepage_featured_products_column_count}}\r\n    {{/if}}\r\n    {{{region name=\"home_below_featured_products\"}}}\r\n    {{#if products.new}}\r\n        {{> components/products/new products=products.new columns=theme_settings.homepage_new_products_column_count}}\r\n    {{/if}}\r\n    {{{region name=\"home_below_new_products\"}}}\r\n</div>\r\n{{/partial}}\r\n{{> layout/base}}\r\n",
  "components/carousel": "<section class=\"heroCarousel\"\r\n    data-slick='{\r\n        \"arrows\": {{arrows}},\r\n        \"mobileFirst\": true,\r\n        \"slidesToShow\": 1,\r\n        \"slidesToScroll\": 1,\r\n        \"autoplay\": true,\r\n        \"autoplaySpeed\": {{carousel.swap_frequency}},\r\n        \"slide\": \"[data-hero-slide]\"\r\n    }'\r\n>\r\n    {{#each carousel.slides}}\r\n    {{#if button_text}}\r\n    <div data-hero-slide=\"{{@index}}\">\r\n    {{else}}\r\n    <a href=\"{{url}}\" data-hero-slide=\"{{@index}}\" aria-label=\"{{#if this.alt_text.length '!=' 0}}{{this.alt_text}}{{else}}{{lang 'carousel.slide_number' slide_number=(add @index 1)}}{{/if}}\">\r\n    {{/if}}\r\n        <div class=\"heroCarousel-slide {{#if ../theme_settings.homepage_stretch_carousel_images}}stretch{{/if}} {{#if @first}}heroCarousel-slide--first{{/if}}\">\r\n            {{#if button_text}}\r\n            <a href=\"{{url}}\" class=\"heroCarousel-image-wrapper\">\r\n            {{else}}\r\n            <div class=\"heroCarousel-image-wrapper\">\r\n            {{/if}}\r\n            {{#if @first}}\r\n                {{> components/common/responsive-img\r\n                    image=stencil_image\r\n                    class=\"heroCarousel-image\"\r\n                    fallback_size='1280w'\r\n                    lazyload='disabled'\r\n                }}\r\n            {{else}}\r\n                {{> components/common/responsive-img\r\n                    image=stencil_image\r\n                    class=\"heroCarousel-image\"\r\n                    fallback_size='1280w'\r\n                    lazyload='lazyload'\r\n                }}\r\n            {{/if}}\r\n            {{#if button_text}}\r\n            </a>\r\n            {{else}}\r\n            </div>\r\n            {{/if}}\r\n            {{#or heading text button_text}}\r\n                {{> components/carousel-content}}\r\n            {{/or}}\r\n        </div>\r\n    {{#if button_text}}\r\n    </div>\r\n    {{else}}\r\n    </a>\r\n    {{/if}}\r\n    {{/each}}\r\n    {{#if carousel.slides.length '>' 1}}\r\n        {{> components/carousel-content-announcement}}\r\n        {{#if play_pause_button}}\r\n            {{> components/carousel-play-pause-button}}\r\n        {{/if}}\r\n    {{/if}}\r\n</section>\r\n",
  "components/products/featured": "<h2 class=\"page-heading\">{{lang 'products.featured' }}</h2>\r\n\r\n<ul class=\"productGrid productGrid--maxCol{{ columns }}\" data-product-type=\"featured\" data-list-name=\"Featured Products\">\r\n    {{#each products}}\r\n        <li class=\"product\">\r\n                {{>components/products/card settings=../settings theme_settings=../theme_settings customer=../customer event=\"list\" position=(add @index 1)}}\r\n        </li>\r\n    {{/each}}\r\n</ul>\r\n",
  "components/common/alert/alert-info": "<div class=\"alertBox alertBox--info\" data-promotion-banner>\r\n    <div class=\"alertBox-column alertBox-icon\">\r\n        <icon glyph=\"ic-success\" class=\"icon\" aria-hidden=\"true\"><svg xmlns=\"http://www.w3.org/2000/svg\" width=\"24\" height=\"24\" viewBox=\"0 0 24 24\"><path d=\"M12 2C6.48 2 2 6.48 2 12s4.48 10 10 10 10-4.48 10-10S17.52 2 12 2zm1 15h-2v-2h2v2zm0-4h-2V7h2v6z\"></path></svg></icon>\r\n    </div>\r\n    <p class=\"alertBox-column alertBox-message\">\r\n        <span>{{{this}}}</span>\r\n    </p>\r\n</div>\r\n",
  "components/products/top": "<h2 class=\"page-heading container\">{{lang 'products.top' }}</h2>\r\n<section class=\"productCarousel productGrid-alternate-cards\"\r\n    data-list-name=\"{{list}}\"\r\n    data-slick='{\r\n        \"infinite\": true,\r\n        \"mobileFirst\": true,\r\n        \"slidesToShow\": 1,\r\n        \"slidesToScroll\": 1,\r\n        \"slide\": \"[data-top-product-slide]\",\r\n        \"dots\": false,\r\n        \"adaptiveHeight\": false,\r\n        \"responsive\": [\r\n            {\r\n                \"breakpoint\": 800,\r\n                \"settings\": {\r\n                    \"slidesToShow\": 2,\r\n                    \"slidesToScroll\": 1\r\n                }\r\n            },\r\n            {\r\n                \"breakpoint\": 990,\r\n                \"settings\": {\r\n                    \"slidesToShow\": 4,\r\n                    \"slidesToScroll\": 1\r\n                }\r\n            },\r\n            {\r\n                \"breakpoint\": 1200,\r\n                \"settings\": {\r\n                    \"slidesToShow\": 4,\r\n                    \"slidesToScroll\": 1\r\n                }\r\n            }\r\n        ]\r\n    }'\r\n>\r\n    {{#each products}}\r\n    <div data-top-product-slide class=\"productCarousel-slide product\">\r\n        {{>components/products/card settings=../settings theme_settings=../theme_settings customer=../customer event=\"list\" position=(add @index 1)}}\r\n    </div>\r\n    {{/each}}\r\n</section>\r\n",
  "components/products/new": "<h2 class=\"page-heading\">{{lang 'products.new' }}</h2>\r\n{{> components/products/carousel products=products list=\"New Products\"}}",
  "layout/base": "<!DOCTYPE html>\r\n<html class=\"no-js\" lang=\"{{ locale_name }}\">\r\n    <head>\r\n        <title>{{ head.title }}</title>\r\n        {{{ resourceHints }}}\r\n        {{{ head.meta_tags }}}\r\n        {{{ head.config }}}\r\n        {{#block \"head\"}} {{/block}}\r\n\r\n        <link href=\"{{ head.favicon }}\" rel=\"shortcut icon\">\r\n        <meta name=\"viewport\" content=\"width=device-width, initial-scale=1\">\r\n\r\n        <script>\r\n            {{!-- Change document class from no-js to js so we can detect this in css --}}\r\n            document.documentElement.className = document.documentElement.className.replace('no-js', 'js');\r\n        </script>\r\n\r\n        {{> components/common/polyfill-script }}\r\n        <script>window.consentManagerTranslations = `{{{langJson 'consent_manager'}}}`;</script>\r\n\r\n        {{!-- Load Lazysizes script ASAP so images will appear --}}\r\n        <script>\r\n            {{!-- Only load visible elements until the onload event fires, after which preload nearby elements. --}}\r\n            window.lazySizesConfig = window.lazySizesConfig || {};\r\n            window.lazySizesConfig.loadMode = 1;\r\n        </script>\r\n        <script async src=\"{{cdn 'assets/dist/theme-bundle.head_async.js' resourceHint='preload' as='script'}}\"></script>\r\n        \r\n        {{getFontsCollection font-display='block'}}\r\n        \r\n        <script async src=\"{{cdn 'assets/dist/theme-bundle.font.js' resourceHint='preload' as='script'}}\"></script>\r\n\r\n        {{{stylesheet '/assets/css/theme.css'}}}\r\n\r\n        {{{head.scripts}}}\r\n\r\n        {{~inject 'zoomSize' theme_settings.zoom_size}}\r\n        {{~inject 'productSize' theme_settings.product_size}}\r\n        {{~inject 'genericError' (lang 'common.generic_error')}}\r\n        {{~inject 'urls' urls}}\r\n        {{~inject 'secureBaseUrl' settings.secure_base_url}}\r\n        {{~inject 'cartId' cart_id}}\r\n        {{~inject 'template' template}}\r\n        {{~inject 'validationDictionaryJSON' (langJson 'validation_messages')}}\r\n        {{~inject 'validationFallbackDictionaryJSON' (langJson 'validation_fallback_messages')}}\r\n        {{~inject 'validationDefaultDictionaryJSON' (langJson 'validation_default_messages')}}\r\n        {{~inject 'carouselArrowAndDotAriaLabel' (lang 'carousel.arrow_and_dot_aria_label')}}\r\n        {{~inject 'carouselActiveDotAriaLabel' (lang 'carousel.active_dot_aria_label')}}\r\n        {{~inject 'carouselContentAnnounceMessage' (lang 'carousel.content_announce_message')}}\r\n    </head>\r\n    <body class=\"{{page_type}}-template\" data-token=\"{{settings.storefront_api.token}}\">\r\n        <svg data-src=\"{{cdn 'img/icon-sprite.svg'}}\" class=\"icons-svg-sprite\"></svg>\r\n\r\n        {{> components/common/header }}\r\n        {{> components/common/body }}\r\n        {{> components/common/footer }}\r\n\r\n        <script>window.__webpack_public_path__ = \"{{cdn 'assets/dist/'}}\";</script>\r\n        <script>\r\n            {{!-- Exported in app.js --}}\r\n            function onThemeBundleMain() {\r\n                window.stencilBootstrap(\"{{page_type}}\", {{jsContext}}).load();\r\n\r\n                function browserSupportsFormData() {\r\n                    return typeof FormData !== 'undefined' \r\n                        && !!FormData.prototype.keys;\r\n                }\r\n                function loadFormDataPolyfillScript(src) {\r\n                    var formDataPolyfillScript = document.createElement('script');\r\n                    formDataPolyfillScript.src = src;\r\n                    formDataPolyfillScript.onerror = function () {\r\n                        console.error('Failed to load formData polyfill script ' + src);\r\n                    };\r\n                    document.body.appendChild(formDataPolyfillScript);\r\n                }\r\n\r\n                if (!browserSupportsFormData()) {\r\n                    loadFormDataPolyfillScript('{{cdn 'assets/dist/theme-bundle.polyfill_form_data.js'}}');\r\n                }\r\n            }\r\n        </script>\r\n        <script async defer src=\"{{cdn 'assets/dist/theme-bundle.main.js' resourceHint='preload' as='script'}}\" onload=\"onThemeBundleMain()\"></script>\r\n\r\n        {{{footer.scripts}}}\r\n    </body>\r\n</html>\r\n",
  "components/common/responsive-img": "{{!--\r\nThis file implements the lazysizes srcset pattern (as seen on\r\nhttps://github.com/aFarkas/lazysizes#modern-transparent-srcset-pattern) for maximum performance on modern browsers\r\nand reasonable compatibility with legacy browsers.\r\n\r\nThere are a few important arguments to know about when using this component:\r\n`lazyload`:\r\n    - If set to 'lazyload+lqip', will load a low-res image which will be replaced by lazysizes - ensuring that SOME\r\n    content is shown immediately on page load. Without LQIP, a transparent gif will be used instead, which reduces\r\n    the number of requests needed to load the page, making it even faster.\r\n    - If set to 'lazyload', the browser will not load the full-size image at first, instead the lazysizes plugin will\r\n        load it progressively after page load. This improves the load speed of the page, but it should be disabled for\r\n        high-priority above-the-fold images.\r\n    - If set to 'disabled', will not attempt to lazyload the image and instead tell the browser to load it immediately.\r\n        Use this for high-priority images that are above the fold.\r\n\r\n`fallback_size`:\r\n    This is the size to use for this image in legacy browsers that do not support srcset.\r\n    Can be defined as a pixel bounding-box size (e.g. \"123x123) or inherent width (e.g. \"123w\").\r\n\r\n`class`:\r\n    The CSS classes to add to the image, e.g. \"card-image\". If lazyloading is enabled, all images will have the\r\n    \"lazyload\" class so that lazysizes will target them automatically.\r\n\r\n`otherAttributes`:\r\n    Any other HTML attributes you want on the img tag, for example \"height='100' width='100'\"\r\n\r\n`default_image`:\r\n    The default image to use if `image` is undefined or falsy. Should be a theme asset, usually defined as a relative\r\n    path in the theme config. If a default image is not provided, you'll get an image tag with no image if the primary\r\n    image is undefined.\r\n\r\n`lqip_size`:\r\n    If you want to specify a particular size for the LQIP image, you can do so with this argument. A default of 80\r\n    pixels wide will be used otherwise. This argument has no effect if the lazyload mode is not \"lazyload+lqip\".\r\n\r\n--}}\r\n<img {{#if image}}{{!-- Get the default image for legacy browsers that do not support srcset\r\n--}}src=\"{{getImageSrcset image 1x=(default fallback_size '160w')}}\" alt=\"{{image.alt}}\" title=\"{{image.alt}}\" {{!--\r\n  Allow lazysizes to generate the 'sizes' attribute automatically --}}data-sizes=\"auto\"\r\n  {{#unless lazyload '==' 'disabled'}}\r\n    {{#if lazyload '==' 'lazyload+lqip'}}\r\n    {{!-- If we want a LQIP, include it as the default srcset (will be overwritten by lazysizes) --}}\r\n    srcset=\"{{getImageSrcset image 1x=(default lqip_size '80w')}}\"\r\n    {{else}}\r\n      {{!-- If we don't want a LQIP, use a 1px transparent gif for the stand-in image\r\n            This requires no additional network request, so it's fast --}}\r\n    srcset=\"data:image/gif;base64,R0lGODlhAQABAIAAAP///wAAACH5BAEAAAAALAAAAAABAAEAAAICRAEAOw==\"\r\n    {{/if}}\r\n{{/unless}}\r\n{{!-- If lazyloading is disabled, just use \"srcset\". If it is not disabled, use \"data-srcset\" so lazysizes will use\r\n      this after page load --}}\r\n{{!--\r\nGenerate the srcset string using the default sizes defined in the helper. This will allow the browser to\r\npick the best-sized image based on its own understanding of how it will render the page.\r\n--}}\r\n{{#unless lazyload '==' 'disabled'}}data-{{/unless}}srcset=\"{{getImageSrcset image use_default_sizes=true }}\"\r\n{{else if default_image}}src=\"{{cdn default_image}}\" alt=\"{{lang 'products.card_default_image_alt'}}\"{{/if}}\r\nclass=\"{{#unless lazyload '==' 'disabled'}}lazyload{{/unless}}{{#if class}} {{class}}{{/if}}\"\r\n{{#if lazyload '==' 'lazyload'}}loading=\"lazy\"{{/if}}\r\n{{otherAttributes}} />\r\n",
  "components/carousel-play-pause-button": "{{inject 'carouselPlayPauseButtonPlay' (lang 'carousel.play_pause_button_play')}}\r\n{{inject 'carouselPlayPauseButtonPause' (lang 'carousel.play_pause_button_pause')}}\r\n{{inject 'carouselPlayPauseButtonAriaPlay' (lang 'carousel.play_pause_button_aria_play')}}\r\n{{inject 'carouselPlayPauseButtonAriaPause' (lang 'carousel.play_pause_button_aria_pause')}}\r\n\r\n<button\r\n    data-play-pause-button\r\n    type=\"button\"\r\n    class=\"carousel-play-pause-button\"\r\n    aria-label=\"{{lang 'carousel.play_pause_button_aria_pause'}}\"\r\n>\r\n    {{lang 'carousel.play_pause_button_pause'}}\r\n</button>\r\n",
  "components/carousel-content": "<div class=\"heroCarousel-content{{#and (if heading '==' false) (if text '==' false)}} heroCarousel-content--empty{{/and}}\">\r\n    {{#if heading}}\r\n        <p class=\"heroCarousel-title\">{{{heading}}}</p>\r\n    {{/if}}\r\n    {{#if text}}\r\n        <p class=\"heroCarousel-description\">{{{text}}}</p>\r\n    {{/if}}\r\n    {{#if button_text}}\r\n        <a href=\"{{url}}\" aria-label=\"{{#if this.alt_text.length '!=' 0}}{{this.alt_text}}{{else}}{{lang 'carousel.slide_number' slide_number=(add @index 1)}}{{/if}}, {{button_text}}\" class=\"heroCarousel-action button button--primary button--large\">{{{button_text}}}</a>\r\n    {{/if}}\r\n</div>\r\n",
  "components/carousel-content-announcement": "<span\r\n    data-carousel-content-change-message\r\n    class=\"aria-description--hidden\"\r\n    aria-live=\"polite\" \r\n    role=\"status\"></span>\r\n",
  "components/products/card": "<article\r\n    class=\"card\r\n    {{#if alternate}} card--alternate{{/if}}\"\r\n    data-test=\"card-{{id}}\"\r\n    data-event-type=\"{{event}}\"\r\n    data-entity-id=\"{{id}}\"\r\n    data-position=\"{{position}}\"\r\n    data-name=\"{{name}}\"\r\n    data-product-category=\"\r\n    {{#each category}}\r\n        {{#if @last}}\r\n            {{this}}\r\n        {{else}}\r\n            {{this}},\r\n        {{/if}}\r\n    {{/each}}\"\r\n    data-product-brand=\"{{brand.name}}\"\r\n    data-product-price=\"\r\n    {{#or customer (unless settings.hide_price_from_guests)}}\r\n        {{#if price.with_tax}}\r\n            {{price.with_tax.value}}\r\n        {{else}}\r\n            {{price.without_tax.value}}\r\n        {{/if}}\r\n    {{else}}\r\n        {{lang 'common.login_for_pricing'}}\r\n    {{/or}}\"\r\n>\r\n    <figure class=\"card-figure\">\r\n        {{#if stock_level '===' 0}}\r\n            {{#if theme_settings.pdp_sold_out_label '===' ''}}\r\n                {{> components/products/product-badge\r\n                    badge-type='sold-out'\r\n                    badge_view=theme_settings.product_sold_out_badges\r\n                    badge_label=(lang \"page_builder.pdp_sold_out_label\")\r\n                }}\r\n            {{else}}\r\n                {{> components/products/product-badge\r\n                    badge-type='sold-out'\r\n                    badge_view=theme_settings.product_sold_out_badges\r\n                    badge_label=theme_settings.pdp_sold_out_label\r\n                }}\r\n            {{/if}}\r\n        {{else}}\r\n            {{#or price.sale_price_with_tax.value price.sale_price_without_tax.value}}\r\n                {{#if theme_settings.pdp_sale_badge_label '===' ''}}\r\n                    {{> components/products/product-badge\r\n                        badge-type='sale'\r\n                        badge_view=theme_settings.product_sale_badges\r\n                        badge_label=(lang \"page_builder.pdp_sale_badge_label\")\r\n                    }}\r\n                {{else}}\r\n                    {{> components/products/product-badge\r\n                        badge-type='sale'\r\n                        badge_view=theme_settings.product_sale_badges\r\n                        badge_label=theme_settings.pdp_sale_badge_label\r\n                    }}\r\n                {{/if}}\r\n            {{/or}}\r\n        {{/if}}\r\n\r\n        <a href=\"{{url}}\"\r\n           class=\"card-figure__link\"\r\n           aria-label=\"{{> components/products/product-info}}\"\r\n           data-event-type=\"product-click\"\r\n        >\r\n            <div class=\"card-img-container\">\r\n                {{> components/common/responsive-img\r\n                    image=image\r\n                    class=\"card-image\"\r\n                    fallback_size=theme_settings.productgallery_size\r\n                    lazyload=theme_settings.lazyload_mode\r\n                    default_image=theme_settings.default_image_product\r\n                }}\r\n            </div>\r\n        </a>\r\n    </figure>\r\n    <div class=\"card-body\">\r\n        <div class=\"product-variant-swatch\">\r\n            <div class=\"variant-swatch-container\"></div>\r\n        </div>\r\n        {{#and rating show_rating}}\r\n            <p class=\"card-text\" data-test-info-type=\"productRating\">\r\n                <span class=\"rating--small\">\r\n                    {{> components/products/ratings rating_target=name rating=rating}}\r\n                </span>\r\n            </p>\r\n        {{/and}}\r\n        {{#if theme_settings.show_first_category}}\r\n            {{#each this.category}}\r\n                {{#if @first}}<p class=\"card-text\" data-test-info-type=\"collectionName\">{{this}}</p>{{/if}}\r\n            {{/each}}\r\n        {{/if}}\r\n        {{#and brand.name theme_settings.show_brand}}\r\n            <p class=\"card-text\" data-test-info-type=\"brandName\">{{brand.name}}</p>\r\n        {{/and}}\r\n        <h3 class=\"card-title\">\r\n            <a aria-label=\"{{> components/products/product-info}}\"\r\n               href=\"{{url}}\"\r\n               data-event-type=\"product-click\"\r\n            >\r\n                {{name}}\r\n            </a>\r\n        </h3>\r\n\r\n        <div class=\"card-text card-price-wrapper\" data-test-info-type=\"price\">\r\n            {{#or customer (unless settings.hide_price_from_guests)}}\r\n                {{> components/products/price price=price}}\r\n            {{else}}\r\n                {{> components/common/login-for-pricing}}\r\n            {{/or}}\r\n        </div>\r\n        {{> components/products/bulk-discount-rates}}\r\n        <div class=\"card-quick-buttons\">\r\n            {{#unless hide_product_quick_view}}\r\n                {{#if theme_settings.show_product_quick_view}}\r\n                    <button type=\"button\" class=\"button button--secondary button--small quickview\" data-event-type=\"product-click\" data-product-id=\"{{id}}\">{{lang 'products.quick_view'}}</button>\r\n                {{/if}}\r\n            {{/unless}}\r\n            {{#if show_compare}}\r\n                <label class=\"button button--secondary button--small\" for=\"compare-{{id}}\">\r\n                    {{lang 'products.compare'}} <input type=\"checkbox\" name=\"products[]\" value=\"{{id}}\" id=\"compare-{{id}}\" data-compare-id=\"{{id}}\">\r\n                </label>\r\n            {{/if}}\r\n            {{#if show_cart_action}}\r\n                {{#if has_options}}\r\n                    <a href=\"{{url}}\" data-event-type=\"product-click\" class=\"button button--secondary button--small card-figcaption-button\" data-product-id=\"{{id}}\">{{lang 'products.choose_options'}}</a>\r\n                {{/if}}\r\n                {{#if pre_order}}\r\n                    <a href=\"{{pre_order_add_to_cart_url}}\" data-event-type=\"product-click\" class=\"button button--secondary button--small card-figcaption-button\">{{lang 'products.pre_order'}}</a>\r\n                {{/if}}\r\n                {{#if add_to_cart_url }}\r\n                    <a href=\"{{add_to_cart_url}}\" data-event-type=\"product-click\" data-button-type=\"add-cart\" class=\"button button--secondary button--small card-figcaption-button\">{{lang 'products.add_to_cart'}}</a>\r\n                    <span class=\"product-status-message aria-description--hidden\">{{lang 'category.add_cart_announcement'}}</span>\r\n                {{/if}}\r\n                {{#if out_of_stock_message }}\r\n                    <a href=\"{{url}}\" data-event-type=\"product-click\" class=\"button button--secondary button--small card-figcaption-button\" data-product-id=\"{{id}}\">{{out_of_stock_message}}</a>\r\n                {{/if}}\r\n            {{/if}}\r\n        </div>\r\n    </div>\r\n</article>\r\n",
  "components/common/header": "<a href=\"#main-content\" class=\"skip-to-main-link\">{{lang 'header.skip_to_main'}}</a>\r\n{{#if banners.top}}\r\n<div class=\"banners\" data-banner-location=\"top\">\r\n    {{#each (limit banners.top_metadata 1)}}\r\n    <div class=\"banner\" data-event-type=\"promotion\" data-entity-id=\"{{this.id}}\" data-name=\"{{this.banner-name}}\" data-position=\"{{this.location}}\" data-banner-id=\"{{this.banner-name}}\">\r\n        <div data-event-type=\"promotion-click\">\r\n            {{{this.content}}}\r\n        </div>\r\n    </div>\r\n    {{/each}}\r\n</div>\r\n{{/if}}\r\n<header class=\"header\" role=\"banner\">\r\n    \r\n    {{> components/common/navigation}}\r\n\r\n    <div class=\"header-logo-wrapper\">\r\n        <div class=\"container header-container\">\r\n            <div class=\"header-left\">\r\n                <ul class=\"navUser-section navUser-section--left\">\r\n                    <li class=\"navUser-item\">\r\n                        <a href=\"#\" class=\"mobileMenu-toggle\" data-mobile-menu-toggle=\"menu\">\r\n                            <span class=\"mobileMenu-toggleIcon\">Toggle menu</span>\r\n                        </a>\r\n                    </li>\r\n                </ul>\r\n                {{> components/common/quick-search name='nav-quick-search'}}\r\n            </div>\r\n            {{#if page_type '===' 'default'}}\r\n                <h1 class=\"header-logo header-logo--{{theme_settings.logo-position}}\">\r\n                    {{> components/common/store-logo}}\r\n                </h1>\r\n            {{else}}\r\n                <div class=\"header-logo header-logo--{{theme_settings.logo-position}}\">\r\n                    {{> components/common/store-logo}}\r\n                </div>\r\n            {{/if}}\r\n            <ul class=\"navUser-section navUser-section--right\">\r\n                {{#if settings.show_wishlist}}\r\n                    <li class=\"navUser-item navUser-item--wishlist\">\r\n                        <a class=\"navUser-action\"\r\n                        href=\"{{urls.account.wishlists.all}}\"\r\n                        aria-label=\"{{lang 'account.nav.wishlist'}}\"\r\n                        >\r\n                            <svg class=\"navUser-icon icon icon-wishlist\">\r\n                                <use href=\"#icon-wishlist\" />\r\n                            </svg>\r\n                            <span class=\"hidden\">{{lang 'account.nav.wishlist'}}</span>\r\n                        </a>\r\n                    </li>\r\n                {{/if}}                \r\n                <li class=\"navUser-item navUser-item--projects\">\r\n                    <a class=\"navUser-action\"\r\n                    href=\"/\"\r\n                    aria-label=\"{{lang 'account.nav.my_projects'}}\"\r\n                    >\r\n                        {{lang 'account.nav.my_projects'}}\r\n                        <span class=\"projectsPill project-quantity\">1</span>\r\n                    </a>\r\n                </li>\r\n                <li class=\"navUser-item navUser-item--account\">\r\n                        <a class=\"navUser-action\"\r\n                        href=\"{{urls.account.index}}\"\r\n                        aria-label=\"{{#if customer}}{{lang 'common.account'}}{{else}}{{lang 'common.login'}}{{/if}}\"\r\n                        >\r\n                            <svg class=\"navUser-icon icon icon-user\">\r\n                                <use href=\"#icon-user\" />\r\n                            </svg> \r\n                            <span class=\"hidden\">{{lang 'common.login'}}</span>\r\n                            <svg class=\"navUser-icon icon icon-dropdown\">\r\n                                <use href=\"#icon-dropdown\" />\r\n                            </svg> \r\n                        </a>\r\n                        <div class=\"account-links\">\r\n                          <ul>\r\n                            <li>\r\n                                <a class=\"navUser-action\"\r\n                                href=\"{{urls.auth.login}}\"\r\n                                aria-label=\"{{lang 'common.login'}}\"\r\n                                >\r\n                                    {{lang 'common.login'}}\r\n                                </a>\r\n                            </li>\r\n                            <li>\r\n                                <a class=\"navUser-action\"\r\n                                href=\"{{urls.auth.create_account}}\"\r\n                                aria-label=\"{{lang 'common.sign_up'}}\"\r\n                                >\r\n                                    {{lang 'common.sign_up'}}\r\n                                </a>\r\n                            </li>\r\n                            <li>\r\n                                <a class=\"navUser-action\"\r\n                                href=\"/\"\r\n                                aria-label=\"{{lang 'account.nav.become_pro'}}\"\r\n                                >\r\n                                    {{lang 'account.nav.become_pro'}}\r\n                                </a>\r\n                            </li>\r\n                            <li>\r\n                                <a class=\"navUser-action\"\r\n                                href=\"/\"\r\n                                aria-label=\"{{lang 'account.nav.my_projects'}}\"\r\n                                >\r\n                                    {{lang 'account.nav.my_projects'}}\r\n                                </a>\r\n                            </li>\r\n                            <li>\r\n                                <a class=\"navUser-action\"\r\n                                href=\"{{urls.account.orders.all}}\"\r\n                                aria-label=\"{{lang 'account.nav.order_status'}}\"\r\n                                >\r\n                                    {{lang 'account.nav.order_status'}}\r\n                                </a>\r\n                            </li>\r\n                          </ul>  \r\n                        </div>\r\n                </li>\r\n                <li class=\"navUser-item navUser-item--cart\">\r\n                    <a class=\"navUser-action\"\r\n                    data-cart-preview\r\n                    data-dropdown=\"cart-preview-dropdown\"\r\n                    data-options=\"align:right\"\r\n                    href=\"{{urls.cart}}\"\r\n                    aria-label=\"{{lang 'cart.nav_aria_label'}}\"\r\n                    >\r\n                        <svg class=\"navUser-icon icon icon-cart\">\r\n                            <use href=\"#icon-cart\" />\r\n                        </svg>\r\n                        <span class=\"navUser-item-cartLabel hidden\">{{lang 'common.cart'}}</span>\r\n                        <span class=\"countPill cart-quantity\"></span>\r\n                    </a>\r\n                </li>\r\n            </ul>\r\n        </div>\r\n    </div>    \r\n    <div class=\"dropdown-menu\" id=\"cart-preview-dropdown\" aria-hidden=\"true\"></div>\r\n    <div class=\"slideCartOverlay\"></div>\r\n\r\n    <div class=\"navPages-container\" id=\"menu\" data-menu>\r\n        {{> components/common/navigation-menu}}\r\n    </div>\r\n    {{{region name=\"header_navigation_bottom--global\"}}}\r\n</header>\r\n{{{region name=\"header_bottom--global\"}}}\r\n{{{region name=\"header_bottom\"}}}\r\n",
  "components/products/carousel": "<section class=\"productCarousel\"\r\n    data-list-name=\"{{list}}\"\r\n    data-slick='{\r\n        \"infinite\": false,\r\n        \"mobileFirst\": true,\r\n        \"slidesToShow\": 2,\r\n        \"slidesToScroll\": 2,\r\n        \"slide\": \"[data-product-slide]\",\r\n        \"responsive\": [\r\n            {\r\n                \"breakpoint\": 800,\r\n                \"settings\": {\r\n                    \"slidesToShow\": {{ columns }},\r\n                    \"slidesToScroll\": {{ columns }}\r\n                }\r\n            },\r\n            {\r\n                \"breakpoint\": 550,\r\n                \"settings\": {\r\n                    \"slidesToShow\": 3,\r\n                    \"slidesToScroll\": 3\r\n                }\r\n            }\r\n        ]\r\n    }'\r\n>\r\n    {{#each products}}\r\n    <div data-product-slide class=\"productCarousel-slide\">\r\n        {{> components/products/card settings=../settings theme_settings=../theme_settings customer=../customer event=\"list\" position=(add @index 1)}}\r\n    </div>\r\n    {{/each}}\r\n    {{#if products.length '>' 1}}\r\n        {{> components/carousel-content-announcement}}\r\n    {{/if}}\r\n</section>\r\n",
  "components/common/footer": "{{#if banners.bottom}}\r\n    <div class=\"banners\" data-banner-location=\"bottom\">\r\n        {{#each (limit banners.bottom_metadata 1)}}\r\n            <div class=\"banner\" data-event-type=\"promotion\" data-entity-id=\"{{this.id}}\" data-name=\"{{this.banner-name}}\" data-position=\"{{this.location}}\" data-name=\"{{this.banner-name}}\">\r\n                <div data-event-type=\"promotion-click\">\r\n                    {{{this.content}}}\r\n                </div>\r\n            </div>\r\n        {{/each}}\r\n    </div>\r\n{{/if}}\r\n<footer class=\"footer\" role=\"contentinfo\">\r\n    <h2 class=\"footer-title-sr-only\">{{lang 'footer.title'}}</h2>\r\n    <div class=\"footer-top\">\r\n        <div class=\"container\">\r\n            <section class=\"footer-info\">\r\n                <article class=\"footer-info-col footer-info-col--small\" data-section-type=\"footer-links-1\">\r\n                    {{{region name=\"footer-links-1--global\"}}}                    \r\n                    {{#if theme_settings.social_icon_placement_bottom '==' 'bottom_left'}}\r\n                        {{> components/common/social-links}}\r\n                    {{/if}}\r\n                </article>\r\n\r\n                <article class=\"footer-info-col footer-info-col--small\" data-section-type=\"footer-links-2\">                    \r\n                    {{{region name=\"footer-links-2--global\"}}}\r\n                </article>\r\n\r\n                <article class=\"footer-info-col footer-info-col--small\" data-section-type=\"footer-links-3\">                    \r\n                    {{{region name=\"footer-links-3--global\"}}}\r\n                </article>\r\n\r\n                <article class=\"footer-info-col footer-info-col--small\" data-section-type=\"footer-links-4\">                    \r\n                    {{{region name=\"footer-links-4--global\"}}}\r\n                </article>\r\n\r\n                {{#and theme_settings.shop_by_brand_show_footer shop_by_brand.length}}\r\n                    <article class=\"footer-info-col footer-info-col--small\" data-section-type=\"footer-brands\">\r\n                        <h3 class=\"footer-info-heading\">{{lang 'footer.brands'}}</h3>\r\n                        <ul class=\"footer-info-list\">\r\n                            {{#each shop_by_brand}}\r\n                                <li>\r\n                                    <a href=\"{{url}}\">{{name}}</a>\r\n                                </li>\r\n                            {{/each}}\r\n                            <li><a href=\"{{urls.brands}}\">{{lang 'common.view_all'}}</a></li>\r\n                        </ul>\r\n                    </article>\r\n                {{/and}}\r\n\r\n                <article class=\"footer-info-col\" data-section-type=\"newsletterSubscription\">                \r\n                    {{#if settings.address}}\r\n                        <h3 class=\"footer-info-heading\">{{lang 'footer.info'}}</h3>\r\n                        <address>{{nl2br settings.address}}</address>\r\n                        {{#if settings.phone_number}}\r\n                            <strong>{{lang 'footer.call_us' phone_number=settings.phone_number}}</strong>\r\n                        {{/if}}\r\n                    {{/if}}\r\n                    {{#if settings.show_newsletter_box}}\r\n                        {{> components/common/subscription-form}}\r\n                    {{/if}}\r\n                    {{#if theme_settings.social_icon_placement_bottom '==' 'bottom_right'}}\r\n                        {{> components/common/social-links}}\r\n                    {{/if}}\r\n                    {{> components/common/payment-icons}}\r\n                </article>\r\n            </section>\r\n        </div>\r\n    </div>\r\n    \r\n    <div class=\"footer-bottom\">\r\n        <div class=\"container\">\r\n            {{#if theme_settings.show_powered_by}}\r\n                <div class=\"footer-copyright\">\r\n                    <p class=\"powered-by\">{{lang 'footer.powered_by'}} <a href=\"https://www.bigcommerce.com?utm_source=merchant&amp;utm_medium=poweredbyBC\" rel=\"nofollow\">BigCommerce</a></p>\r\n                </div>\r\n            {{/if}}\r\n            {{#if theme_settings.show_copyright_footer}}\r\n                <div class=\"footer-copyright\">\r\n                    <p class=\"powered-by\">Copyright {{moment format=\"YYYY\"}} &copy; {{settings.store_name}} </p>\r\n                </div>\r\n            {{/if}}\r\n            <div class=\"footer-bottom-links\">\r\n                {{{region name=\"footer-bottom--global\"}}}\r\n            </div>\r\n        </div>\r\n    </div>\r\n    {{{region name=\"ssl_site_seal--global\"}}}\r\n</footer>\r\n",
  "components/common/polyfill-script": "<script>\r\n    {{!--\r\n        Check for modern browser features, and load polyfills if browser does not appear to support features\r\n        we need.\r\n\r\n            Polyfill approach is all or nothing - please import needed polyfills in /assets/js/polyfills.js\r\n\r\n        Inspired by https://philipwalton.com/articles/loading-polyfills-only-when-needed/\r\n            --}}\r\n    function browserSupportsAllFeatures() {\r\n        return window.Promise\r\n            && window.fetch\r\n            && window.URL\r\n            && window.URLSearchParams\r\n            && window.WeakMap\r\n            // object-fit support\r\n            && ('objectFit' in document.documentElement.style);\r\n    }\r\n\r\n    function loadScript(src) {\r\n        var js = document.createElement('script');\r\n        js.src = src;\r\n        js.onerror = function () {\r\n            console.error('Failed to load polyfill script ' + src);\r\n        };\r\n        document.head.appendChild(js);\r\n    }\r\n\r\n    if (!browserSupportsAllFeatures()) {\r\n        loadScript('{{cdn 'assets/dist/theme-bundle.polyfills.js'}}');\r\n    }\r\n</script>\r\n",
  "components/common/body": "<div class=\"body\" id=\"main-content\" data-currency-code=\"{{currency_selector.active_currency_code}}\">\r\n    {{#block \"hero\"}} {{/block}}\r\n    <div class=\"container\">\r\n        {{#block \"page\"}} {{/block}}\r\n    </div>\r\n    {{> components/common/modal/modal}}\r\n    {{> components/common/alert/alert-modal}}\r\n</div>\r\n",
  "components/products/product-badge": "{{#if badge_view '===' 'sash'}}\r\n    <div class=\"{{badge-type}}-flag-sash\">\r\n        <span class=\"{{badge-type}}-text\">{{{badge_label}}}</span>\r\n    </div>\r\n{{else if badge_view '===' 'topleft'}}\r\n    <div class=\"{{badge-type}}-flag-side\">\r\n        <span class=\"{{badge-type}}-text\">{{{badge_label}}}</span>\r\n    </div>\r\n{{else if badge_view '===' 'burst'}}\r\n    <div class=\"starwrap\">\r\n        <div class=\"{{badge-type}}-text-burst\">{{{badge_label}}}</div>\r\n        <div class=\"{{badge-type}}-flag-star\"></div>\r\n    </div>\r\n{{/if}}\r\n",
  "components/products/product-info": "{{#or customer (unless settings.hide_price_from_guests)}}\r\n{{name}}, {{> components/products/product-aria-label}}\r\n{{else}}\r\n{{name}}\r\n{{/or}}\r\n",
  "components/products/price": "{{!-- There are 2 code paths for generating the PDP pricing HTML determined by the following #and condition.\r\nIf a 'price_range' exists then we generate all HTML in price-range.html, otherwise it is defined here. Both code\r\npaths generate the same HTML structure with some differences in whether that element is displayed by default (css styling).\r\n\r\nIf you are making a change here or in price-range.html, you probably want to make that change in both files. --}}\r\n\r\n{{#and price.price_range (if theme_settings.price_ranges '==' true)}}\r\n    {{> components/products/price-range price=price}}\r\n{{else}}\r\n    <div class=\"price-section price-section--withTax rrp-price--withTax\" {{#unless price.rrp_with_tax}}style=\"display: none;\"{{/unless}}>\r\n        <span>\r\n            {{> components/products/price-label\r\n                label_value=theme_settings.pdp-retail-price-label\r\n                fallback=(lang \"page_builder.pdp-retail-price-label\")\r\n            }}\r\n        </span>\r\n        <span data-product-rrp-with-tax class=\"price price--rrp\">\r\n            {{price.rrp_with_tax.formatted}}\r\n        </span>\r\n    </div>\r\n    <div class=\"price-section price-section--withTax non-sale-price--withTax\" {{#unless price.non_sale_price_with_tax}}style=\"display: none;\"{{/unless}}>\r\n        <span>\r\n            {{> components/products/price-label\r\n                label_value=theme_settings.pdp-non-sale-price-label\r\n                fallback=(lang \"page_builder.pdp-non-sale-price-label\")\r\n            }}\r\n        </span>\r\n        <span data-product-non-sale-price-with-tax class=\"price price--non-sale\">\r\n            {{price.non_sale_price_with_tax.formatted}}\r\n        </span>\r\n    </div>\r\n    <div class=\"price-section price-section--withTax price--withTax\" {{#unless price.with_tax}}style=\"display: none;{{/unless}}>\r\n        <span class=\"price-label\" {{#if price.non_sale_price_with_tax}}style=\"display: none;\"{{/if}}>\r\n            {{theme_settings.pdp-price-label}}\r\n        </span>\r\n        <span class=\"price-now-label\" {{#unless price.non_sale_price_with_tax}}style=\"display: none;\"{{/unless}}>\r\n            {{> components/products/price-label\r\n                label_value=theme_settings.pdp-sale-price-label\r\n                fallback=(lang \"page_builder.pdp-sale-price-label\")\r\n            }}\r\n        </span>\r\n        <span data-product-price-with-tax class=\"price\">{{price.with_tax.formatted}}</span>\r\n        {{#if price.without_tax}}\r\n            <abbr title=\"{{lang 'products.including_tax'}}\">{{lang 'products.price_with_tax' tax_label=price.tax_label}}</abbr>\r\n        {{/if}}\r\n    </div>\r\n    <div class=\"price-section price-section--withoutTax rrp-price--withoutTax{{#if price.with_tax}} price-section--minor{{/if}}\" {{#unless price.rrp_without_tax}}style=\"display: none;\"{{/unless}}>\r\n        <span>\r\n            {{> components/products/price-label\r\n                label_value=theme_settings.pdp-retail-price-label\r\n                fallback=(lang \"page_builder.pdp-retail-price-label\")\r\n            }}\r\n        </span>\r\n        <span data-product-rrp-price-without-tax class=\"price price--rrp\">\r\n            {{price.rrp_without_tax.formatted}}\r\n        </span>\r\n    </div>\r\n    <div class=\"price-section price-section--withoutTax non-sale-price--withoutTax{{#if price.with_tax}} price-section--minor{{/if}}\" {{#unless price.non_sale_price_without_tax}}style=\"display: none;\"{{/unless}}>\r\n        <span>\r\n            {{> components/products/price-label\r\n                label_value=theme_settings.pdp-non-sale-price-label\r\n                fallback=(lang \"page_builder.pdp-non-sale-price-label\")\r\n            }}\r\n        </span>\r\n        <span data-product-non-sale-price-without-tax class=\"price price--non-sale\">\r\n            {{price.non_sale_price_without_tax.formatted}}\r\n        </span>\r\n    </div>\r\n    <div class=\"price-section price-section--withoutTax price--withoutTax\" {{#unless price.without_tax}}style=\"display: none;\"{{/unless}}>\r\n        <span class=\"price-label\" {{#if price.non_sale_price_without_tax}}style=\"display: none;\"{{/if}}>\r\n            {{theme_settings.pdp-price-label}}\r\n        </span>\r\n        <span class=\"price-now-label\" {{#unless price.non_sale_price_without_tax}}style=\"display: none;\"{{/unless}}>\r\n            {{> components/products/price-label\r\n                label_value=theme_settings.pdp-sale-price-label\r\n                fallback=(lang \"page_builder.pdp-sale-price-label\")\r\n            }}\r\n        </span>\r\n        <span data-product-price-without-tax class=\"price{{#if price.with_tax}} price-section--minor{{/if}}\">{{price.without_tax.formatted}}</span>\r\n        {{#if price.with_tax}}\r\n            <abbr title=\"{{lang 'products.excluding_tax'}}\">{{lang 'products.price_without_tax' tax_label=price.tax_label}}</abbr>\r\n        {{/if}}\r\n    </div>\r\n    {{#if page_type '===' 'product'}}\r\n         <div class=\"price-section price-section--saving price\" {{#unless price.saved}}style=\"display: none;\"{{/unless}}>\r\n                <span class=\"price\">{{lang 'products.you_save_opening_text'}}</span>\r\n                <span data-product-price-saved class=\"price price--saving\">\r\n                    {{price.saved.formatted}}\r\n                </span>\r\n                <span class=\"price\">{{lang 'products.you_save_closing_bracket'}}</span>\r\n         </div>\r\n    {{/if}}\r\n{{/and}}\r\n",
  "components/products/ratings": "<span role=\"img\"\r\n    {{#if rating_target}}\r\n      aria-label=\"{{lang 'products.reviews.rating_aria_label' rating_target=rating_target current_rating=rating max_rating=5}}\"\r\n    {{else}}\r\n      aria-label=\"{{lang 'products.reviews.rating_aria_label' rating_target='Product' current_rating=rating max_rating=5}}\"\r\n    {{/if}}\r\n>\r\n    {{#for 1 5}}\r\n        {{#if ../this.rating '>=' $index}}\r\n            <span class=\"icon icon--ratingFull\">\r\n                <svg>\r\n                    <use href=\"#icon-star\" />\r\n                </svg>\r\n            </span>\r\n        {{else}}\r\n            <span class=\"icon icon--ratingEmpty\">\r\n                <svg>\r\n                    <use href=\"#icon-star\" />\r\n                </svg>\r\n            </span>\r\n        {{/if}}\r\n    {{/for}}\r\n</span>\r\n",
  "components/common/login-for-pricing": "<p translate>{{lang 'common.login_for_pricing'}}</p>\r\n",
  "components/products/bulk-discount-rates": "{{#if bulk_discount_rates.length}}\r\n    {{#if product}}<dt class=\"productView-info-name\">{{lang 'products.bulk_pricing.title'}}</dt>{{/if}}\r\n    <dd class=\"productView-info-value\">\r\n        <a href=\"{{product.url}}#bulk_pricing\"\r\n           {{#unless is_ajax }}data-reveal-id=\"modal-bulk-pricing{{#if id}}-{{id}}{{/if}}\"{{/unless}}>\r\n            {{lang 'products.bulk_pricing.view'}}\r\n        </a>\r\n    </dd>\r\n    <div id=\"modal-bulk-pricing{{#if id}}-{{id}}{{/if}}\" class=\"modal modal--small\" data-reveal>\r\n        <div class=\"modal-header\">\r\n            <h2 class=\"modal-header-title\">{{lang 'products.bulk_pricing.modal_title'}}</h2>\r\n            {{> components/common/modal/modal-close-btn}}\r\n        </div>\r\n        <div class=\"modal-body\">\r\n            <p>{{lang 'products.bulk_pricing.instructions'}}</p>\r\n            <ul>\r\n                {{#each bulk_discount_rates}}\r\n                <li>\r\n                    {{lang 'products.bulk_pricing.range' min=min max=max}}\r\n                    {{#if type '===' 'percent'}}\r\n                    {{lang 'products.bulk_pricing.percent' discount=discount.formatted}}\r\n                    {{else if type '===' 'fixed'}}\r\n                    {{lang 'products.bulk_pricing.fixed' discount=discount.formatted}}\r\n                    {{else if type '===' 'price'}}\r\n                    {{lang 'products.bulk_pricing.price' discount=discount.formatted}}\r\n                    {{/if}}\r\n                </li>\r\n                {{/each}}\r\n            </ul>\r\n        </div>\r\n    </div>\r\n{{/if}}\r\n",
  "components/common/navigation": "<nav class=\"navUser\">\r\n    <div class=\"container\">\r\n        <div class=\"navuser-left\">\r\n            {{{region name=\"header_navuser_left--global\"}}}        \r\n            {{#or customer (unless settings.hide_price_from_guests)}}\r\n                {{> components/common/currency-selector}}\r\n            {{/or}}\r\n\r\n            {{#if theme_settings.show_channels}}\r\n                {{> components/common/channel-selector}}\r\n            {{/if}}\r\n        </div>\r\n        <div class=\"navuser-center\">\r\n            {{{region name=\"header_navuser_center--global\"}}}\r\n        </div> \r\n        <div class=\"navuser-right\">\r\n            <ul class=\"navUser-section navUser-section--alt\">\r\n                {{#if customer.store_credit.value '>' 0}}\r\n                    <li class=\"navUser-item\">\r\n                        <a class=\"navUser-action navUser-action--storeCredit\"\r\n                        data-dropdown=\"storeCredit-dropdown\"\r\n                        data-options=\"align:bottom\"\r\n                        href=\"{{urls.cart}}\"\r\n                        aria-label=\"{{lang 'common.store_credit_overview' credit=customer.store_credit.formatted}}\"\r\n                        >\r\n                            <span class=\"navUser-action-divider\">\r\n                                {{lang 'common.store_credit_overview' credit=customer.store_credit.formatted}}\r\n                            </span>\r\n                        </a>\r\n                        <div class=\"dropdown-menu\" id=\"storeCredit-dropdown\" data-dropdown-content aria-hidden=\"true\">\r\n                            {{{lang 'common.store_credit' store_credit=customer.store_credit.formatted}}}\r\n                        </div>\r\n                    </li>\r\n                {{/if}}\r\n                <li class=\"navUser-item\">\r\n                    <a class=\"navUser-action navUser-item--compare\"\r\n                    href=\"{{urls.compare}}\"\r\n                    data-compare-nav\r\n                    aria-label=\"{{lang 'common.compare'}}\"\r\n                    >\r\n                        {{lang 'common.compare'}} <span class=\"countPill countPill--positive countPill--alt\"></span>\r\n                    </a>\r\n                </li>\r\n                {{#if theme_settings.social_icon_placement_top}}\r\n                    <li class=\"navUser-item navUser-item--social\">\r\n                        {{> components/common/social-links}}\r\n                    </li>\r\n                    <li class=\"navUser-item navUser-item--divider\">|</li>\r\n                {{/if}}\r\n                {{#if settings.gift_certificates_enabled}}\r\n                    <li class=\"navUser-item\">\r\n                        <a class=\"navUser-action\"\r\n                        href=\"{{urls.gift_certificate.purchase}}\"\r\n                        aria-label=\"{{lang 'common.gift_cert'}}\"\r\n                        >\r\n                            {{lang 'common.gift_cert'}}\r\n                        </a>\r\n                    </li>\r\n                {{/if}}\r\n                <li class=\"navUser-item navUser-item--account\">\r\n                    {{#if customer}}\r\n                        <a class=\"navUser-action\"\r\n                        href=\"{{urls.account.index}}\"\r\n                        aria-label=\"{{lang 'common.account'}}\"\r\n                        >\r\n                            {{lang 'common.account'}}\r\n                        </a>\r\n                        <a class=\"navUser-action\"\r\n                        href=\"{{urls.auth.logout}}\"\r\n                        aria-label=\"{{lang 'common.logout'}}\"\r\n                        >\r\n                            {{lang 'common.logout'}}\r\n                        </a>\r\n                    {{else}}\r\n                        <span class=\"pro-user\">{{lang 'common.pro_user'}}</span>\r\n                        <a class=\"navUser-action\"\r\n                        href=\"{{urls.auth.login}}\"\r\n                        aria-label=\"{{lang 'common.login'}}\"\r\n                        >\r\n                            {{lang 'common.login'}}\r\n                        </a>\r\n                        {{#if settings.account_creation_enabled}}\r\n                            <span class=\"navUser-or\">{{lang 'common.or'}}</span>\r\n                            <a class=\"navUser-action\"\r\n                            href=\"{{urls.auth.create_account}}\"\r\n                            aria-label=\"{{lang 'common.sign_up'}}\"\r\n                            >\r\n                                {{lang 'common.sign_up'}}\r\n                            </a>\r\n                        {{/if}}\r\n                    {{/if}}\r\n                </li>\r\n            </ul>\r\n        </div>\r\n    </div> \r\n</nav>\r\n",
  "components/common/quick-search": "<div class=\"search-container\">\r\n    <form class=\"form\" data-url=\"{{urls.search}}\" data-quick-search-form>\r\n        <fieldset class=\"form-fieldset\">\r\n            <div class=\"form-field\">\r\n                <label class=\"is-srOnly\" for=\"{{name}}\">{{lang \"search.quick_search.input_label\"}}</label>\r\n                <input class=\"form-input\"\r\n                    data-search-quick\r\n                    name=\"{{name}}\"\r\n                    id=\"{{name}}\"\r\n                    data-error-message=\"{{lang 'search.error.empty_field'}}\"\r\n                    placeholder=\"{{lang 'search.quick_search.input_placeholder'}}\"\r\n                    autocomplete=\"off\"\r\n                >\r\n                <button type=\"submit\">\r\n                    <svg class=\"navUser-icon icon icon-search\">\r\n                        <use href=\"#icon-search\" />\r\n                    </svg>\r\n                </button>                \r\n                {{> components/common/modal/modal-close-btn additional_attr='data-drop-down-close'}}\r\n            </div>\r\n        </fieldset>\r\n    </form>\r\n    <section class=\"quickSearchResults\" data-bind=\"html: results\"></section>\r\n    <p role=\"status\"\r\n       aria-live=\"polite\"\r\n       class=\"aria-description--hidden\"\r\n       data-search-aria-message-predefined-text=\"{{{lang 'search.results.quick_count_live'}}}\"\r\n    ></p>\r\n</div>\r\n",
  "components/common/store-logo": "<a href=\"{{urls.home}}\" class=\"header-logo__link\" data-header-logo-link>\r\n    {{#if settings.store_logo.image}}\r\n        {{#if theme_settings.logo_size '===' 'original'}}\r\n        <img class=\"header-logo-image-unknown-size\"\r\n             src=\"{{getImage settings.store_logo.image 'logo_size'}}\"\r\n             alt=\"{{settings.store_logo.title}}\"\r\n             title=\"{{settings.store_logo.title}}\">\r\n        {{else}}\r\n        <div class=\"header-logo-image-container\">\r\n            <img class=\"header-logo-image\"\r\n                 src=\"{{getImage settings.store_logo.image 'logo_size'}}\"\r\n                 srcset=\"{{getImageSrcset1x2x settings.store_logo.image theme_settings.logo_size}}\"\r\n                 alt=\"{{settings.store_logo.title}}\"\r\n                 title=\"{{settings.store_logo.title}}\">\r\n        </div>\r\n        {{/if}}\r\n    {{else}}\r\n    <span class=\"header-logo-text\">{{settings.store_logo.title}}</span>\r\n    {{/if}}\r\n</a>\r\n",
  "components/common/navigation-menu": "<nav class=\"navPages\">\r\n    <div class=\"navPages-quickSearch\">\r\n        {{> components/common/quick-search name='nav-menu-quick-search'}}\r\n    </div>\r\n    <ul class=\"navPages-list{{#if theme_settings.navigation_design '!==' 'simple'}} navPages-list-depth-max{{/if}}\">\r\n        {{#each categories}}\r\n            <li class=\"navPages-item\">\r\n            {{#if ../theme_settings.navigation_design '===' 'simple'}}\r\n                {{> components/common/navigation-list}}\r\n            {{/if}}\r\n            {{#if ../theme_settings.navigation_design '===' 'alternate'}}\r\n                {{> components/common/navigation-list-alternate}}\r\n            {{/if}}\r\n            </li>\r\n        {{/each}}\r\n        {{#unless theme_settings.hide_content_navigation}}\r\n            {{#each pages}}\r\n                 <li class=\"navPages-item navPages-item-page\">\r\n                     <a class=\"navPages-action{{#if name '==' ../page.title}} activePage{{/if}}\"\r\n                        href=\"{{url}}\"\r\n                        aria-label=\"{{name}}\"\r\n                     >\r\n                         {{name}}\r\n                     </a>\r\n                 </li>\r\n             {{/each}}\r\n        {{/unless}}\r\n    </ul>\r\n    <ul class=\"navPages-list navPages-list--user\">\r\n        {{#if currency_selector.currencies.length '>' 1}}\r\n            <li class=\"navPages-item\">\r\n                <a class=\"navPages-action has-subMenu\"\r\n                   href=\"#\"\r\n                   data-collapsible=\"navPages-currency\"\r\n                   aria-controls=\"navPages-currency\"\r\n                   aria-expanded=\"false\"\r\n                   aria-label=\"{{lang 'common.currency' code=currency_selector.active_currency_code}}\"\r\n                >\r\n                    {{lang 'common.currency' code=currency_selector.active_currency_code}}\r\n                    <i class=\"icon navPages-action-moreIcon\" aria-hidden=\"true\">\r\n                        <svg>\r\n                            <use href=\"#icon-chevron-down\"></use>\r\n                        </svg>\r\n                    </i>\r\n                </a>\r\n                <div class=\"navPage-subMenu\" id=\"navPages-currency\" aria-hidden=\"true\" tabindex=\"-1\">\r\n                    <ul class=\"navPage-subMenu-list\">\r\n                        {{#each currency_selector.currencies}}\r\n                        <li class=\"navPage-subMenu-item\">\r\n                            <a class=\"navPage-subMenu-action navPages-action\"\r\n                               href=\"{{{switch_url}}}\"\r\n                               aria-label=\"{{name}}\"\r\n                               data-currency-code=\"{{{code}}}\"\r\n                               {{#if cart_currency_switch_url.length '>' 0 }}\r\n                               data-cart-currency-switch-url=\"{{{cart_currency_switch_url}}}\"\r\n                               {{/if}}\r\n                               data-warning=\"{{lang 'common.currency_switch_promotion'}}\"\r\n                            >\r\n                                {{#if is_active}}\r\n                                    <strong>{{name}}</strong>\r\n                                {{else}}\r\n                                    {{name}}\r\n                                {{/if}}\r\n                            </a>\r\n                        </li>\r\n                        {{/each}}\r\n                    </ul>\r\n                </div>\r\n            </li>\r\n        {{/if}}\r\n        {{#if theme_settings.show_channels}}\r\n            <li class=\"navPages-item\">\r\n                {{> components/common/channel-selector-mobile}}\r\n            </li>\r\n        {{/if}}\r\n        {{#if settings.gift_certificates_enabled}}\r\n            <li class=\"navPages-item\">\r\n                <a class=\"navPages-action\"\r\n                   href=\"{{urls.gift_certificate.purchase}}\"\r\n                   aria-label=\"{{lang 'common.gift_cert'}}\"\r\n                >\r\n                    {{lang 'common.gift_cert'}}\r\n                </a>\r\n            </li>\r\n        {{/if}}\r\n        {{#if customer.store_credit.value '>' 0}}\r\n            <li class=\"navPages-item\">\r\n                <a class=\"navPages-action navPages-action--storeCredit\">\r\n                    {{lang 'common.store_credit_overview' credit=customer.store_credit.formatted}}\r\n                </a>\r\n            </li>\r\n        {{/if}}\r\n        {{#if theme_settings.product_list_display_mode '==' 'list'}}\r\n            <li class=\"navPages-item\">\r\n                <a class=\"navPages-action navPages-action--compare\"\r\n                   href=\"{{urls.compare}}\"\r\n                   data-compare-nav\r\n                   aria-label=\"{{lang 'common.compare'}}\"\r\n                >\r\n                    {{lang 'common.compare'}}\r\n                    <span class=\"countPill countPill--positive countPill--alt\"></span>\r\n                </a>\r\n            </li>\r\n        {{/if}}\r\n        {{!--\r\n            {{#if customer}}\r\n                <li class=\"navPages-item\">\r\n                    <a class=\"navPages-action has-subMenu\"\r\n                    href=\"{{urls.account.index}}\"\r\n                    data-collapsible=\"navPages-account\"\r\n                    aria-label=\"{{lang 'common.account'}}\"\r\n                    >\r\n                        {{lang 'common.account'}}\r\n                        <i class=\"icon navPages-action-moreIcon\" aria-hidden=\"true\">\r\n                            <svg><use href=\"#icon-chevron-down\" /></svg>\r\n                        </i>\r\n                    </a>\r\n                    <div class=\"navPage-subMenu\" id=\"navPages-account\" aria-hidden=\"true\" tabindex=\"-1\">\r\n                        <ul class=\"navPage-subMenu-list\">\r\n                            <li class=\"navPage-subMenu-item\">\r\n                                <a class=\"navPage-subMenu-action navPages-action\"\r\n                                href=\"{{urls.account.orders.all}}\"\r\n                                aria-label=\"{{lang 'account.nav.orders'}}\"\r\n                                >\r\n                                    {{lang 'account.nav.orders'}}\r\n                                </a>\r\n                            </li>\r\n                            {{#if settings.returns_enabled}}\r\n                                <li class=\"navPage-subMenu-item\">\r\n                                    <a class=\"navPage-subMenu-action navPages-action\"\r\n                                    href=\"{{urls.account.returns}}\"\r\n                                    aria-label=\"{{lang 'account.nav.returns'}}\"\r\n                                    >\r\n                                        {{lang 'account.nav.returns'}}\r\n                                    </a>\r\n                                </li>\r\n                            {{/if}}\r\n                            <li class=\"navPage-subMenu-item\">\r\n                                <a class=\"navPage-subMenu-action navPages-action\"\r\n                                href=\"{{urls.account.inbox}}\"\r\n                                aria-label=\"{{lang 'account.mobile_nav.messages'}}\"\r\n                                >\r\n                                    {{lang 'account.mobile_nav.messages'}}\r\n                                </a>\r\n                            </li>\r\n                            <li class=\"navPage-subMenu-item\">\r\n                                <a class=\"navPage-subMenu-action navPages-action\"\r\n                                href=\"{{urls.account.addresses}}\"\r\n                                aria-label=\"{{lang 'account.nav.addresses'}}\"\r\n                                >\r\n                                    {{lang 'account.nav.addresses'}}\r\n                                </a>\r\n                            </li>\r\n                            {{#if settings.show_payment_methods}}\r\n                                <li class=\"navPage-subMenu-item\">\r\n                                    <a class=\"navPage-subMenu-action navPages-action\"\r\n                                    href=\"{{urls.account.payment_methods.all}}\"\r\n                                    aria-label=\"{{lang 'account.nav.payment_methods'}}\"\r\n                                    >\r\n                                        {{lang 'account.nav.payment_methods'}}\r\n                                    </a>\r\n                                </li>\r\n                            {{/if}}\r\n                            <li class=\"navPage-subMenu-item\">\r\n                                <a class=\"navPage-subMenu-action navPages-action\"\r\n                                href=\"{{urls.account.wishlists.all}}\"\r\n                                aria-label=\"{{lang 'account.mobile_nav.wishlists'}}\"\r\n                                >\r\n                                    {{lang 'account.mobile_nav.wishlists'}}\r\n                                </a>\r\n                            </li>\r\n                            <li class=\"navPage-subMenu-item\">\r\n                                <a class=\"navPage-subMenu-action navPages-action\"\r\n                                href=\"{{urls.account.recent_items}}\"\r\n                                aria-label=\"{{lang 'account.nav.recently_viewed'}}\"\r\n                                >\r\n                                    {{lang 'account.nav.recently_viewed'}}\r\n                                </a>\r\n                            </li>\r\n                            <li class=\"navPage-subMenu-item\">\r\n                                <a class=\"navPage-subMenu-action navPages-action\"\r\n                                href=\"{{urls.account.details}}\"\r\n                                aria-label=\"{{lang 'account.nav.settings'}}\"\r\n                                >\r\n                                    {{lang 'account.nav.settings'}}\r\n                                </a>\r\n                            </li>\r\n                        </ul>\r\n                    </div>\r\n                </li>\r\n                <li class=\"navPages-item\">\r\n                    <a class=\"navPages-action\"\r\n                    href=\"{{urls.auth.logout}}\"\r\n                    aria-label=\"{{lang 'common.logout'}}\"\r\n                    >\r\n                        {{lang 'common.logout'}}\r\n                    </a>\r\n                </li>\r\n            {{else}}\r\n                <li class=\"navPages-item\">\r\n                    <a class=\"navPages-action\"\r\n                    href=\"{{urls.auth.login}}\"\r\n                    aria-label=\"{{lang 'common.login'}}\"\r\n                    >\r\n                        {{lang 'common.login'}}\r\n                    </a>\r\n                    {{#if settings.account_creation_enabled}}\r\n                        {{lang 'common.or'}}\r\n                        <a class=\"navPages-action\"\r\n                        href=\"{{urls.auth.create_account}}\"\r\n                        aria-label=\"{{lang 'common.sign_up'}}\"\r\n                        >\r\n                            {{lang 'common.sign_up'}}\r\n                        </a>\r\n                    {{/if}}\r\n                </li>\r\n            {{/if}}\r\n        --}}\r\n        <li class=\"navPages-item account-nav\">\r\n            <ul class=\"account-nav-links\">\r\n                <li class=\"navPages-item navPages-item--account\">\r\n                    <a class=\"navPages-action\"\r\n                    href=\"{{urls.account.index}}\"\r\n                    aria-label=\"{{#if customer}}{{lang 'common.account'}}{{else}}{{lang 'common.login'}}{{/if}}\"\r\n                    >\r\n                        <svg class=\"navPages-icon icon icon-user\">\r\n                            <use href=\"#icon-user\" />\r\n                        </svg> \r\n                        <span class=\"my-account\">{{lang 'common.account'}}</span>\r\n                    </a>\r\n                </li>\r\n                <li class=\"navPages-item navPages-item--projects\">\r\n                    <a class=\"navPages-action\"\r\n                    href=\"/\"\r\n                    aria-label=\"{{lang 'account.nav.my_projects'}}\"\r\n                    >\r\n                        {{lang 'account.nav.my_projects'}}\r\n                        <span class=\"projectsPill project-quantity\">1</span>\r\n                    </a>\r\n                </li>\r\n            </ul>\r\n        </li>\r\n        <li class=\"navPages-item navPages-user\">\r\n            {{#if customer}}\r\n                <a class=\"navPages-action\"\r\n                href=\"{{urls.account.index}}\"\r\n                aria-label=\"{{lang 'common.account'}}\"\r\n                >\r\n                    {{lang 'common.account'}}\r\n                </a>\r\n                <a class=\"navPages-action\"\r\n                href=\"{{urls.auth.logout}}\"\r\n                aria-label=\"{{lang 'common.logout'}}\"\r\n                >\r\n                    {{lang 'common.logout'}}\r\n                </a>\r\n            {{else}}\r\n                <span class=\"pro-user\">{{lang 'common.pro_user'}}</span>\r\n                <a class=\"navUser-action\"\r\n                href=\"{{urls.auth.login}}\"\r\n                aria-label=\"{{lang 'common.login'}}\"\r\n                >\r\n                    {{lang 'common.login'}}\r\n                </a>\r\n                {{#if settings.account_creation_enabled}}\r\n                    <span class=\"navPages-or\">{{lang 'common.or'}}</span>\r\n                    <a class=\"navUser-action\"\r\n                    href=\"{{urls.auth.create_account}}\"\r\n                    aria-label=\"{{lang 'common.sign_up'}}\"\r\n                    >\r\n                        {{lang 'common.sign_up'}}\r\n                    </a>\r\n                {{/if}}\r\n            {{/if}}\r\n        </li>\r\n        <li class=\"navPages-item navPages-quick-links\">\r\n            {{{region name=\"header_navuser_left--global\"}}}    \r\n        </li>\r\n        {{#if theme_settings.social_icon_placement_top}}\r\n            <li class=\"navPages-item\">\r\n                {{> components/common/social-links}}\r\n            </li>\r\n        {{/if}}\r\n    </ul>\r\n</nav>\r\n",
  "components/common/social-links": "{{#if social_media}}\r\n    <ul class=\"socialLinks socialLinks--alt\">\r\n        {{#each social_media}}\r\n            {{#or (if display_name '===' 'twitter') (if display_name '===' 'stumbleupon')}}\r\n                {{#if display_name '===' 'twitter'}}\r\n                    <li class=\"socialLinks-item\">\r\n                        <a class=\"icon icon--x\"\r\n                        href=\"{{url}}\"\r\n                        target=\"_blank\"\r\n                        rel=\"noopener\"\r\n                        title=\"X\"\r\n                        >\r\n                            <span class=\"aria-description--hidden\">X</span>\r\n                            <svg>\r\n                                <use href=\"#icon-x\"/>\r\n                            </svg>\r\n                        </a>\r\n                    </li>\r\n                {{/if}}\r\n                {{#if display_name '===' 'stumbleupon'}}\r\n                    <li class=\"socialLinks-item\">\r\n                        <a class=\"icon icon--houzz\"\r\n                        href=\"{{url}}\"\r\n                        target=\"_blank\"\r\n                        rel=\"noopener\"\r\n                        title=\"Houzz\"\r\n                        >\r\n                            <span class=\"aria-description--hidden\">Houzz</span>\r\n                            <svg>\r\n                                <use href=\"#icon-houzz\"/>\r\n                            </svg>\r\n                        </a>\r\n                    </li>\r\n                {{/if}}\r\n            {{else}}\r\n                <li class=\"socialLinks-item\">\r\n                    <a class=\"icon icon--{{display_name}}\"\r\n                    href=\"{{url}}\"\r\n                    target=\"_blank\"\r\n                    rel=\"noopener\"\r\n                    title=\"{{{capitalize display_name}}}\"\r\n                    >\r\n                        <span class=\"aria-description--hidden\">{{{capitalize display_name}}}</span>\r\n                        <svg>\r\n                            <use href=\"#icon-{{display_name}}\"/>\r\n                        </svg>\r\n                    </a>\r\n                </li>\r\n            {{/or}}\r\n        {{/each}}\r\n    </ul>\r\n{{/if}}\r\n",
  "components/common/subscription-form": "<h3 class=\"footer-info-heading\">{{lang 'newsletter.subscribe'}}</h3>\r\n<p>{{lang 'newsletter.subscribe_intro'}}</p>\r\n\r\n<form class=\"form\" action=\"{{urls.subscribe.action}}\" method=\"post\">\r\n    <fieldset class=\"form-fieldset\">\r\n        <input type=\"hidden\" name=\"action\" value=\"subscribe\">\r\n        <input type=\"hidden\" name=\"nl_first_name\" value=\"bc\">\r\n        <input type=\"hidden\" name=\"check\" value=\"1\">\r\n        <div class=\"form-field\">\r\n            <label class=\"form-label is-srOnly\" for=\"nl_email\">{{lang 'common.email_address'}}</label>\r\n            <div class=\"form-prefixPostfix\">\r\n                <input class=\"form-input\"\r\n                       id=\"nl_email\"\r\n                       name=\"nl_email\"\r\n                       type=\"email\"\r\n                       value=\"{{customer.email}}\"\r\n                       placeholder=\"{{lang 'newsletter.email_placeholder'}}\"\r\n                       aria-describedby=\"alertBox-message-text\"\r\n                       aria-required=\"true\"\r\n                       autocomplete=\"email\"\r\n                       required\r\n                >\r\n                <input class=\"button button--primary form-prefixPostfix-button--postfix\"\r\n                       type=\"submit\"\r\n                       value=\"{{lang 'newsletter.subscribe_submit'}}\"\r\n                >\r\n            </div>\r\n            {{#if settings.show_newsletter_summary }}\r\n                <div class=\"footer-newsletter-summary\">{{settings.newsletter_summary}}</div>\r\n            {{/if}}\r\n        </div>\r\n    </fieldset>\r\n</form>\r\n",
  "components/common/payment-icons": "{{#with theme_settings}}\r\n    {{#or show_accept_amex show_accept_discover show_accept_mastercard show_accept_paypal show_accept_visa show_accept_amazonpay show_accept_googlepay show_accept_klarna}}\r\n    <ul class=\"footer-payment-icons\" aria-label=\"{{lang 'account.payment_methods.payment_icons_label'}}\">\r\n        {{#if show_accept_amex}}\r\n        <li>\r\n            <svg class=\"footer-payment-icon\" role=\"img\">\r\n                <title>American Express</title>\r\n                <use href=\"#icon-logo-american-express\"></use>\r\n            </svg>\r\n        </li>\r\n        {{/if}}\r\n        {{#if show_accept_discover}}\r\n        <li>\r\n            <svg class=\"footer-payment-icon\" role=\"img\">\r\n                <title>Discover</title>\r\n                <use href=\"#icon-logo-discover\"></use>\r\n            </svg>\r\n        </li>\r\n        {{/if}}\r\n        {{#if show_accept_mastercard}}\r\n        <li>\r\n            <svg class=\"footer-payment-icon\" role=\"img\">\r\n                <title>Mastercard</title>\r\n                <use href=\"#icon-logo-mastercard\"></use>\r\n            </svg>\r\n        </li>\r\n        {{/if}}\r\n        {{#if show_accept_paypal}}\r\n        <li>\r\n            <svg class=\"footer-payment-icon\" role=\"img\">\r\n                <title>PayPal</title>\r\n                <use href=\"#icon-logo-paypal\"></use>\r\n            </svg>\r\n        </li>\r\n        {{/if}}\r\n        {{#if show_accept_visa}}\r\n        <li>\r\n            <svg class=\"footer-payment-icon\" role=\"img\">\r\n                <title>Visa</title>\r\n                <use href=\"#icon-logo-visa\"></use>\r\n            </svg>\r\n        </li>\r\n        {{/if}}\r\n        {{#if show_accept_amazonpay}}\r\n        <li>\r\n            <svg class=\"footer-payment-icon\" role=\"img\">\r\n                <title>Amazon Pay</title>\r\n                <use href=\"#icon-logo-amazonpay\"></use>\r\n            </svg>\r\n        </li>\r\n        {{/if}}\r\n        {{#if show_accept_googlepay}}\r\n        <li>\r\n            <svg class=\"footer-payment-icon\" role=\"img\">\r\n                <title>Google Pay</title>\r\n                <use href=\"#icon-logo-googlepay\"></use>\r\n            </svg>\r\n        </li>\r\n        {{/if}}\r\n        {{#if show_accept_klarna}}\r\n        <li>\r\n            <svg class=\"footer-payment-icon\" role=\"img\">\r\n                <title>Klarna</title>\r\n                <use href=\"#icon-logo-klarna\"></use>\r\n            </svg>\r\n        </li>\r\n        {{/if}}\r\n    </ul>\r\n    {{/or}}\r\n{{/with}}\r\n",
  "components/common/modal/modal": "<div id=\"modal\" class=\"modal\" data-reveal data-prevent-quick-search-close>\r\n    {{> components/common/modal/modal-close-btn}}\r\n    <div id=\"modal-content\" class=\"modal-content\"></div>\r\n    <div class=\"loadingOverlay\"></div>\r\n</div>\r\n",
  "components/common/alert/alert-modal": "<div id=\"alert-modal\" class=\"modal modal--alert modal--small\" data-reveal data-prevent-quick-search-close>\r\n    <div class=\"alert-icon error-icon\">\r\n        <span class=\"icon-content\">\r\n            <span class=\"line line-left\"></span>\r\n            <span class=\"line line-right\"></span>\r\n        </span>\r\n    </div>\r\n\r\n    <div class=\"alert-icon warning-icon\">\r\n        <div class=\"icon-content\">!</div>\r\n    </div>\r\n\r\n    <div class=\"modal-content\"></div>\r\n\r\n    <div class=\"button-container\">\r\n        <button type=\"button\" class=\"confirm button\" data-reveal-close>{{lang 'common.ok'}}</button>\r\n        <button type=\"button\" class=\"cancel button\" data-reveal-close>{{lang 'common.cancel'}}</button>\r\n    </div>\r\n</div>\r\n",
  "components/products/product-aria-label": "{{#and price.price_range (if theme_settings.price_ranges '==' true)}}\r\n    {{#and price.price_range.min.with_tax price.price_range.max.with_tax}}\r\n{{lang 'category.shop_by_price_range_aria'\r\n       from=price.price_range.min.with_tax.formatted\r\n       to=price.price_range.max.with_tax.formatted\r\n}}\r\n    {{else}}\r\n{{lang 'category.shop_by_price_range_aria'\r\n       from=price.price_range.min.without_tax.formatted\r\n       to=price.price_range.max.without_tax.formatted\r\n}}\r\n    {{/and}}\r\n{{else}}\r\n    {{#if price.with_tax}}\r\n        {{#if price.non_sale_price_with_tax}}\r\n{{> components/products/price-label\r\n    label_value=theme_settings.pdp-non-sale-price-label\r\n    fallback=(lang \"page_builder.pdp-non-sale-price-label\")\r\n}}{{price.non_sale_price_with_tax.formatted}},\r\n{{> components/products/price-label\r\n    label_value=theme_settings.pdp-sale-price-label\r\n    fallback=(lang \"page_builder.pdp-sale-price-label\")\r\n}}{{price.with_tax.formatted}}\r\n        {{else}}\r\n{{price.with_tax.formatted}}\r\n        {{/if}}\r\n    {{else}}\r\n        {{#if price.non_sale_price_without_tax}}\r\n{{> components/products/price-label\r\n    label_value=theme_settings.pdp-non-sale-price-label\r\n    fallback=(lang \"page_builder.pdp-non-sale-price-label\")\r\n}}{{price.non_sale_price_without_tax.formatted}},\r\n{{> components/products/price-label\r\n    label_value=theme_settings.pdp-sale-price-label\r\n    fallback=(lang \"page_builder.pdp-sale-price-label\")\r\n}}{{price.without_tax.formatted}}\r\n        {{else}}\r\n{{price.without_tax.formatted}}\r\n        {{/if}}\r\n    {{/if}}\r\n{{/and}}\r\n",
  "components/products/price-range": "{{#and price.retail_price_range.min.with_tax price.retail_price_range.max.with_tax}}\r\n    <div class=\"price-section price-section--withTax rrp-price--withTax\">\r\n        <span>\r\n            {{> components/products/price-label\r\n                label_value=theme_settings.pdp-retail-price-label\r\n                fallback=(lang \"page_builder.pdp-retail-price-label\")\r\n            }}\r\n        </span>\r\n        <span data-product-rrp-price-with-tax class=\"price price--rrp\">{{price.retail_price_range.min.with_tax.formatted}} - {{price.retail_price_range.max.with_tax.formatted}}</span>\r\n    </div>\r\n{{else}}\r\n    {{#if price.with_tax}}\r\n        <div class=\"price-section price-section--withTax rrp-price--withTax\" style=\"display: none;\">\r\n            <span>\r\n                {{> components/products/price-label\r\n                    label_value=theme_settings.pdp-retail-price-label\r\n                    fallback=(lang \"page_builder.pdp-retail-price-label\")\r\n                }}\r\n            </span>\r\n            <span data-product-rrp-with-tax class=\"price price--rrp\">\r\n                {{price.rrp_with_tax.formatted}}\r\n            </span>\r\n        </div>\r\n    {{/if}}\r\n{{/and}}\r\n{{#and price.price_range.min.with_tax price.price_range.max.with_tax}}\r\n    {{!-- Never display the \"non-sales price\" if there is a price range to be shown, but we do want the element on the page --}}\r\n    <div class=\"price-section price-section--withTax non-sale-price--withTax\" style=\"display: none;\">\r\n        <span>\r\n            {{> components/products/price-label\r\n                label_value=theme_settings.pdp-non-sale-price-label\r\n                fallback=(lang \"page_builder.pdp-non-sale-price-label\")\r\n            }}\r\n        </span>\r\n        <span data-product-non-sale-price-with-tax class=\"price price--non-sale\">\r\n            {{price.non_sale_price_with_tax.formatted}}\r\n        </span>\r\n    </div>\r\n    <div class=\"price-section price-section--withTax price--withTax\">\r\n        <span class=\"price-label\">{{theme_settings.pdp-price-label}}</span>\r\n        <span class=\"price-now-label\" style=\"display: none;\">\r\n            {{> components/products/price-label\r\n                label_value=theme_settings.pdp-sale-price-label\r\n                fallback=(lang \"page_builder.pdp-sale-price-label\")\r\n            }}\r\n        </span>\r\n        <span data-product-price-with-tax class=\"price\">{{price.price_range.min.with_tax.formatted}} - {{price.price_range.max.with_tax.formatted}}</span>\r\n        {{#and price.price_range.min.without_tax price.price_range.max.without_tax}}\r\n            <abbr title=\"{{lang 'products.including_tax'}}\">{{lang 'products.price_with_tax' tax_label=price.price_range.min.tax_label}}</abbr>\r\n        {{/and}}\r\n    </div>\r\n{{/and}}\r\n{{#and price.retail_price_range.min.without_tax price.retail_price_range.max.without_tax}}\r\n    <div class=\"price-section price-section--withoutTax rrp-price--withoutTax{{#if price.with_tax}} price-section--minor{{/if}}\">\r\n        <span>\r\n            {{> components/products/price-label\r\n                label_value=theme_settings.pdp-retail-price-label\r\n                fallback=(lang \"page_builder.pdp-retail-price-label\")\r\n            }}\r\n        </span>\r\n        <span data-product-rrp-price-without-tax class=\"price price--rrp\">{{price.retail_price_range.min.without_tax.formatted}} - {{price.retail_price_range.max.without_tax.formatted}}</span>\r\n    </div>\r\n{{else}}\r\n    {{#if price.without_tax}}\r\n        <div class=\"price-section price-section--withoutTax rrp-price--withoutTax{{#if price.with_tax}} price-section--minor{{/if}}\" style=\"display: none;\">\r\n            <span>\r\n                {{> components/products/price-label\r\n                    label_value=theme_settings.pdp-retail-price-label\r\n                    fallback=(lang \"page_builder.pdp-retail-price-label\")\r\n                }}\r\n            </span>\r\n            <span data-product-rrp-price-without-tax class=\"price price--rrp\">\r\n                {{price.rrp_without_tax.formatted}}\r\n            </span>\r\n        </div>\r\n    {{/if}}\r\n{{/and}}\r\n{{#and price.price_range.min.without_tax price.price_range.max.without_tax}}\r\n    {{!-- Never display the \"non-sales price\" if there is a price range to be shown, but we do want the element on the page --}}\r\n    <div class=\"price-section price-section--withoutTax non-sale-price--withoutTax{{#if price.with_tax}} price-section--minor{{/if}}\" style=\"display: none;\">\r\n        <span>\r\n            {{> components/products/price-label\r\n                label_value=theme_settings.pdp-non-sale-price-label\r\n                fallback=(lang \"page_builder.pdp-non-sale-price-label\")\r\n            }}\r\n        </span>\r\n        <span data-product-non-sale-price-without-tax class=\"price price--non-sale\">\r\n            {{price.non_sale_price_without_tax.formatted}}\r\n        </span>\r\n    </div>\r\n    <div class=\"price-section price-section--withoutTax price--withoutTax{{#and price_range.min.with_tax price_range.max.with_tax}} price-section--minor{{/and}}\">\r\n        <span class=\"price-label\">{{theme_settings.pdp-price-label}}</span>\r\n        <span class=\"price-now-label\" style=\"display: none;\">\r\n            {{> components/products/price-label\r\n                label_value=theme_settings.pdp-sale-price-label\r\n                fallback=(lang \"page_builder.pdp-sale-price-label\")\r\n            }}\r\n        </span>\r\n        <span data-product-price-without-tax class=\"price\">{{price.price_range.min.without_tax.formatted}} - {{price.price_range.max.without_tax.formatted}}</span>\r\n        {{#and price.price_range.min.with_tax price.price_range.max.with_tax}}\r\n            <abbr title=\"{{lang 'products.excluding_tax'}}\">{{lang 'products.price_without_tax' tax_label=price.price_range.min.tax_label}}</abbr>\r\n        {{/and}}\r\n    </div>\r\n{{/and}}\r\n\r\n{{!-- Never display the \"saving price\" element by default if there is a price range on the page to be shown --}}\r\n{{#if page_type '===' 'product'}}\r\n     <div class=\"price-section price-section--saving price\" style=\"display: none;\">\r\n            <span class=\"price\">{{lang 'products.you_save_opening_text'}}</span>\r\n            <span data-product-price-saved class=\"price price--saving\">\r\n                {{price.saved.formatted}}\r\n            </span>\r\n            <span class=\"price\">{{lang 'products.you_save_closing_bracket'}}</span>\r\n     </div>\r\n{{/if}}\r\n",
  "components/products/price-label": "{{#if label_value '===' ''}}\r\n    {{fallback}}\r\n{{else}}\r\n    {{label_value}}\r\n{{/if}}\r\n",
  "components/common/modal/modal-close-btn": "<button class=\"modal-close\"\r\n        type=\"button\"\r\n        title=\"{{lang 'common.close'}}\"\r\n        {{additional_attr}}\r\n>\r\n    <span class=\"aria-description--hidden\">{{lang 'common.close'}}</span>\r\n    <span aria-hidden=\"true\">&#215;</span>\r\n</button>\r\n",
  "components/common/currency-selector": "{{#if currency_selector.currencies.length '>' 1}}\r\n<ul class=\"navUser-section\">\r\n    <li class=\"navUser-item\">\r\n        <a class=\"navUser-action navUser-action--currencySelector has-dropdown\"\r\n           href=\"#\"\r\n           data-dropdown=\"currencySelection\"\r\n           aria-controls=\"currencySelection\"\r\n           aria-expanded=\"false\"\r\n        >\r\n            {{lang 'common.currency' code=currency_selector.active_currency_code}}\r\n            <i class=\"icon\" aria-hidden=\"true\">\r\n                <svg>\r\n                    <use href=\"#icon-chevron-down\" />\r\n                </svg>\r\n            </i>\r\n        </a>\r\n        <ul class=\"dropdown-menu\" id=\"currencySelection\" data-dropdown-content aria-hidden=\"true\" tabindex=\"-1\">\r\n            {{#each currency_selector.currencies}}\r\n            <li class=\"dropdown-menu-item\">\r\n                <a href=\"{{{switch_url}}}\"\r\n                   data-currency-code=\"{{{code}}}\"\r\n                   {{#if cart_currency_switch_url.length '>' 0 }}\r\n                   data-cart-currency-switch-url=\"{{{cart_currency_switch_url}}}\"\r\n                   {{/if}}\r\n                   data-warning=\"{{lang 'common.currency_switch_promotion'}}\"\r\n                >\r\n                {{#if is_active}}\r\n                    <strong>{{name}}</strong>\r\n                {{else}}\r\n                    {{name}}\r\n                {{/if}}\r\n                </a>\r\n            </li>\r\n            {{/each}}\r\n        </ul>\r\n    </li>\r\n</ul>\r\n{{/if}}\r\n",
  "components/common/channel-selector": "{{#if theme_settings.channels.length '>' 1}}\r\n<ul class=\"navUser-section\">\r\n    <li class=\"navUser-item\">\r\n        <a href=\"#\"\r\n           class=\"navUser-action navUser-action--channelSelector has-dropdown\"\r\n           data-dropdown=\"channelSelection\"\r\n           aria-controls=\"channelSelection\"\r\n           aria-expanded=\"false\"\r\n        >\r\n            {{#each theme_settings.channels}}\r\n                {{#if is_active}}\r\n                    {{lang 'common.channel' code=code}}\r\n                {{/if}}\r\n            {{/each}}\r\n            <i class=\"icon\" aria-hidden=\"true\">\r\n                <svg>\r\n                    <use href=\"#icon-chevron-down\"/>\r\n                </svg>\r\n            </i>\r\n        </a>\r\n        <ul class=\"dropdown-menu\" id=\"channelSelection\" data-dropdown-content aria-hidden=\"true\" tabindex=\"-1\">\r\n            {{#each theme_settings.channels}}\r\n                <li class=\"dropdown-menu-item\">\r\n                    <a href=\"{{{switch_url}}}\" data-channel-code=\"{{{code}}}\" data-warning=\"{{lang 'common.channel_switch_warning'}}\">\r\n                        {{#if is_active}}\r\n                            <strong>{{name}}</strong>\r\n                        {{else}}\r\n                            {{name}}\r\n                        {{/if}}\r\n                    </a>\r\n                </li>\r\n            {{/each}}\r\n        </ul>\r\n    </li>\r\n</ul>\r\n{{/if}}\r\n",
  "components/common/navigation-list-alternate": "{{#if children}}\r\n    <a class=\"navPages-action navPages-action-depth-max has-subMenu is-root{{#if is_active}} activePage{{/if}}\"\r\n       href=\"{{url}}\"\r\n       data-collapsible=\"navPages-{{id}}\"\r\n       aria-label=\"{{name}}\"\r\n    >\r\n        {{name}}\r\n        <i class=\"icon navPages-action-moreIcon\" aria-hidden=\"true\">\r\n            <svg><use href=\"#icon-chevron-down\" /></svg>\r\n        </i>\r\n    </a>\r\n    {{> components/common/navigation-dropdown}}\r\n{{else}}\r\n    <a class=\"navPages-action{{#if is_active}} activePage{{/if}}\"\r\n       href=\"{{url}}\"\r\n       aria-label=\"{{name}}\"\r\n    >\r\n        {{name}}\r\n    </a>\r\n{{/if}}\r\n",
  "components/common/channel-selector-mobile": "{{#if theme_settings.channels.length '>' 1}}\r\n<a href=\"#\"\r\n   class=\"navPages-action has-subMenu\"\r\n   data-collapsible=\"navPages-channel\"\r\n   aria-controls=\"navPages-channel\"\r\n   aria-expanded=\"false\"\r\n   aria-label=\"\r\n    {{#each theme_settings.channels}}\r\n        {{#if is_active}}\r\n            {{lang 'common.channel' code=code}}\r\n        {{/if}}\r\n    {{/each}}\r\n   \"\r\n>\r\n    {{#each theme_settings.channels}}\r\n        {{#if is_active}}\r\n            {{lang 'common.channel' code=code}}\r\n        {{/if}}\r\n    {{/each}}\r\n    <i class=\"icon navPages-action-moreIcon\" aria-hidden=\"true\">\r\n        <svg>\r\n            <use href=\"#icon-chevron-down\"></use>\r\n        </svg>\r\n    </i>\r\n</a>\r\n<div class=\"navPage-subMenu\" id=\"navPages-channel\" aria-hidden=\"true\" tabindex=\"-1\">\r\n    <ul class=\"navPage-subMenu-list\">\r\n        {{#each theme_settings.channels}}\r\n        <li class=\"navPage-subMenu-item\">\r\n            <a href=\"{{{switch_url}}}\"\r\n               class=\"navPage-subMenu-action navPages-action\"\r\n               aria-label=\"{{name}}\"\r\n               data-channel-code=\"{{{code}}}\"\r\n               data-warning=\"{{lang 'common.channel_switch_warning'}}\"\r\n            >\r\n                {{name}}\r\n            </a>\r\n        </li>\r\n        {{/each}}\r\n    </ul>\r\n</div>\r\n{{/if}}\r\n",
  "components/common/navigation-list": "{{#if children}}\r\n<a class=\"navPages-action has-subMenu{{#if is_active}} activePage{{/if}}\"\r\n   href=\"{{url}}\"\r\n   data-collapsible=\"navPages-{{id}}\"\r\n>\r\n    <span class=\"item-name\">{{name}}</span>\r\n    <i class=\"icon navPages-action-moreIcon\" aria-hidden=\"true\">\r\n        <svg><use href=\"#icon-chevron-down\" /></svg>\r\n    </i>\r\n    <span class=\"item-close\">{{lang 'common.back'}}</span>\r\n</a>\r\n<div class=\"navPage-subMenu\" id=\"navPages-{{id}}\" aria-hidden=\"true\" tabindex=\"-1\">\r\n    <ul class=\"navPage-subMenu-list\">\r\n        {{!--<li class=\"navPage-subMenu-item\">\r\n            <a class=\"navPage-subMenu-action navPages-action\"\r\n               href=\"{{url}}\"\r\n               aria-label=\"{{lang 'category.view_all.name' category=name}}\"\r\n            >\r\n                {{lang 'category.view_all.name' category=name}}\r\n            </a>\r\n        </li>--}}\r\n        {{#each children}}\r\n            <li class=\"navPage-subMenu-item\">\r\n                {{#if children}}\r\n                    <a class=\"navPage-subMenu-action navPages-action has-subMenu{{#if is_active}} activePage{{/if}}\"\r\n                       href=\"{{url}}\"\r\n                       aria-label=\"{{name}}\"\r\n                    >\r\n                        {{name}}\r\n                        <span class=\"collapsible-icon-wrapper\"\r\n                            data-collapsible=\"navPages-{{id}}\"\r\n                            data-collapsible-disabled-breakpoint=\"medium\"\r\n                            data-collapsible-disabled-state=\"open\"\r\n                            data-collapsible-enabled-state=\"closed\"\r\n                        >\r\n                            <i class=\"icon navPages-action-moreIcon\" aria-hidden=\"true\">\r\n                                <svg><use href=\"#icon-chevron-down\" /></svg>\r\n                            </i>\r\n                        </span>\r\n                    </a>\r\n                    <ul class=\"navPage-childList\" id=\"navPages-{{id}}\">\r\n                        {{#each children}}\r\n                        <li class=\"navPage-childList-item\">\r\n                            <a class=\"navPage-childList-action navPages-action{{#if is_active}} activePage{{/if}}\"\r\n                               href=\"{{url}}\"\r\n                               aria-label=\"{{name}}\"\r\n                            >\r\n                                {{name}}\r\n                            </a>\r\n                        </li>\r\n                        {{/each}}\r\n                    </ul>\r\n                {{else}}\r\n                    <a class=\"navPage-subMenu-action navPages-action{{#if is_active}} activePage{{/if}}\"\r\n                       href=\"{{url}}\"\r\n                       aria-label=\"{{name}}\"\r\n                    >\r\n                        {{name}}\r\n                    </a>\r\n                {{/if}}\r\n            </li>\r\n        {{/each}}\r\n    </ul>\r\n    {{#if image}}\r\n        <div class=\"navigation-image\">\r\n            {{> components/common/responsive-img\r\n                image=image\r\n                fallback_size=theme_settings.menuthumb_size\r\n                lazyload=theme_settings.lazyload_mode\r\n                class=\"category-menu-image\"\r\n            }}\r\n            <a class=\"button button--primary menu-button\"\r\n               href=\"{{url}}\"\r\n               aria-label=\"{{lang 'category.view_all.name' category=''}}\"\r\n            >\r\n                {{lang 'category.view_all.name' category=''}}\r\n            </a>\r\n        </div>\r\n    {{/if}}\r\n</div>\r\n{{else}}\r\n<a class=\"navPages-action{{#if is_active}} activePage{{/if}}\"\r\n   href=\"{{url}}\"\r\n   aria-label=\"{{name}}\"\r\n>\r\n    {{name}}\r\n</a>\r\n{{/if}}\r\n",
  "components/common/navigation-dropdown": "<div class=\"navPage-subMenu navPage-subMenu-horizontal\" id=\"navPages-{{id}}\" aria-hidden=\"true\" tabindex=\"-1\">\r\n    <ul class=\"navPage-subMenu-list\">\r\n        <li class=\"navPage-subMenu-item-parent\">\r\n            <a class=\"navPage-subMenu-action navPages-action navPages-action-depth-max\" href=\"{{url}}\">{{lang 'category.view_all.name' category=name}}</a>\r\n        </li>\r\n        {{#each children}}\r\n            <li class=\"navPage-subMenu-item-child\">\r\n                {{#if children}}\r\n                    <a class=\"navPage-subMenu-action navPages-action navPages-action-depth-max has-subMenu{{#if is_active}} activePage{{/if}}\" href=\"{{url}}\" data-collapsible=\"navPages-{{id}}\">\r\n                        {{name}}<i class=\"icon navPages-action-moreIcon\" aria-hidden=\"true\"><svg><use href=\"#icon-chevron-down\" /></svg></i>\r\n                    </a>\r\n                    {{> components/common/navigation-dropdown}}\r\n                {{else}}\r\n                    <a class=\"navPage-subMenu-action navPages-action{{#if is_active}} activePage{{/if}}\" href=\"{{url}}\">{{name}}</a>\r\n                {{/if}}\r\n            </li>\r\n        {{/each}}\r\n    </ul>\r\n</div>\r\n"
}