{
  "components/products/tabs": "<ul class=\"tabs\" data-tab role=\"tablist\">\r\n    {{#if product.related_products}}\r\n        <li class=\"tab is-active\" role=\"presentation\">\r\n            <a class=\"tab-title\" href=\"#tab-related\" role=\"tab\" tabindex=\"0\" aria-selected=\"true\" controls=\"tab-related\">{{lang 'products.related_products'}}</a>\r\n        </li>\r\n    {{/if}}\r\n    {{#if product.similar_by_views}}\r\n        <li class=\"tab{{#unless product.related_products}} is-active{{/unless}}\" role=\"presentation\">\r\n            <a class=\"tab-title\" href=\"#tab-similar\" role=\"tab\" tabindex=\"0\" aria-selected=\"{{#if product.related_products}}false{{else}}true{{/if}}\" controls=\"tab-similar\">{{lang 'products.similar_by_views'}}</a>\r\n        </li>\r\n    {{/if}}\r\n</ul>\r\n\r\n<div class=\"tabs-contents\">\r\n{{#if product.related_products}}\r\n    <div role=\"tabpanel\" aria-hidden=\"false\" class=\"tab-content has-jsContent is-active\" id=\"tab-related\">\r\n        {{> components/products/carousel products=product.related_products columns=6 list=\"Related Products\"}}\r\n    </div>\r\n{{/if}}\r\n\r\n{{#if product.similar_by_views}}\r\n    <div role=\"tabpanel\" aria-hidden=\"{{#if product.related_products}}true{{else}}false{{/if}}\" class=\"tab-content has-jsContent{{#unless product.related_products}} is-active{{/unless}}\" id=\"tab-similar\">\r\n        {{> components/products/carousel products=product.similar_by_views columns=6 list=\"Customers Also Viewed\"}}\r\n    </div>\r\n{{/if}}\r\n</div>\r\n",
  "components/products/carousel": "<section class=\"productCarousel\"\r\n    data-list-name=\"{{list}}\"\r\n    data-slick='{\r\n        \"infinite\": false,\r\n        \"mobileFirst\": true,\r\n        \"slidesToShow\": 2,\r\n        \"slidesToScroll\": 2,\r\n        \"slide\": \"[data-product-slide]\",\r\n        \"responsive\": [\r\n            {\r\n                \"breakpoint\": 800,\r\n                \"settings\": {\r\n                    \"slidesToShow\": {{ columns }},\r\n                    \"slidesToScroll\": {{ columns }}\r\n                }\r\n            },\r\n            {\r\n                \"breakpoint\": 550,\r\n                \"settings\": {\r\n                    \"slidesToShow\": 3,\r\n                    \"slidesToScroll\": 3\r\n                }\r\n            }\r\n        ]\r\n    }'\r\n>\r\n    {{#each products}}\r\n    <div data-product-slide class=\"productCarousel-slide\">\r\n        {{> components/products/card settings=../settings theme_settings=../theme_settings customer=../customer event=\"list\" position=(add @index 1)}}\r\n    </div>\r\n    {{/each}}\r\n    {{#if products.length '>' 1}}\r\n        {{> components/carousel-content-announcement}}\r\n    {{/if}}\r\n</section>\r\n",
  "components/products/card": "<article\r\n    class=\"card\r\n    {{#if alternate}} card--alternate{{/if}}\"\r\n    data-test=\"card-{{id}}\"\r\n    data-event-type=\"{{event}}\"\r\n    data-entity-id=\"{{id}}\"\r\n    data-position=\"{{position}}\"\r\n    data-name=\"{{name}}\"\r\n    data-product-category=\"\r\n    {{#each category}}\r\n        {{#if @last}}\r\n            {{this}}\r\n        {{else}}\r\n            {{this}},\r\n        {{/if}}\r\n    {{/each}}\"\r\n    data-product-brand=\"{{brand.name}}\"\r\n    data-product-price=\"\r\n    {{#or customer (unless settings.hide_price_from_guests)}}\r\n        {{#if price.with_tax}}\r\n            {{price.with_tax.value}}\r\n        {{else}}\r\n            {{price.without_tax.value}}\r\n        {{/if}}\r\n    {{else}}\r\n        {{lang 'common.login_for_pricing'}}\r\n    {{/or}}\"\r\n>\r\n    <figure class=\"card-figure\">\r\n        {{#if stock_level '===' 0}}\r\n            {{#if theme_settings.pdp_sold_out_label '===' ''}}\r\n                {{> components/products/product-badge\r\n                    badge-type='sold-out'\r\n                    badge_view=theme_settings.product_sold_out_badges\r\n                    badge_label=(lang \"page_builder.pdp_sold_out_label\")\r\n                }}\r\n            {{else}}\r\n                {{> components/products/product-badge\r\n                    badge-type='sold-out'\r\n                    badge_view=theme_settings.product_sold_out_badges\r\n                    badge_label=theme_settings.pdp_sold_out_label\r\n                }}\r\n            {{/if}}\r\n        {{else}}\r\n            {{#or price.sale_price_with_tax.value price.sale_price_without_tax.value}}\r\n                {{#if theme_settings.pdp_sale_badge_label '===' ''}}\r\n                    {{> components/products/product-badge\r\n                        badge-type='sale'\r\n                        badge_view=theme_settings.product_sale_badges\r\n                        badge_label=(lang \"page_builder.pdp_sale_badge_label\")\r\n                    }}\r\n                {{else}}\r\n                    {{> components/products/product-badge\r\n                        badge-type='sale'\r\n                        badge_view=theme_settings.product_sale_badges\r\n                        badge_label=theme_settings.pdp_sale_badge_label\r\n                    }}\r\n                {{/if}}\r\n            {{/or}}\r\n        {{/if}}\r\n\r\n        <a href=\"{{url}}\"\r\n           class=\"card-figure__link\"\r\n           aria-label=\"{{> components/products/product-info}}\"\r\n           data-event-type=\"product-click\"\r\n        >\r\n            <div class=\"card-img-container\">\r\n                {{> components/common/responsive-img\r\n                    image=image\r\n                    class=\"card-image\"\r\n                    fallback_size=theme_settings.productgallery_size\r\n                    lazyload=theme_settings.lazyload_mode\r\n                    default_image=theme_settings.default_image_product\r\n                }}\r\n            </div>\r\n        </a>\r\n    </figure>\r\n    <div class=\"card-body\">\r\n        <div class=\"product-variant-swatch\">\r\n            <div class=\"variant-swatch-container\"></div>\r\n        </div>\r\n        {{#and rating show_rating}}\r\n            <p class=\"card-text\" data-test-info-type=\"productRating\">\r\n                <span class=\"rating--small\">\r\n                    {{> components/products/ratings rating_target=name rating=rating}}\r\n                </span>\r\n            </p>\r\n        {{/and}}\r\n        {{#if theme_settings.show_first_category}}\r\n            {{#each this.category}}\r\n                {{#if @first}}<p class=\"card-text\" data-test-info-type=\"collectionName\">{{this}}</p>{{/if}}\r\n            {{/each}}\r\n        {{/if}}\r\n        {{#and brand.name theme_settings.show_brand}}\r\n            <p class=\"card-text\" data-test-info-type=\"brandName\">{{brand.name}}</p>\r\n        {{/and}}\r\n        <h3 class=\"card-title\">\r\n            <a aria-label=\"{{> components/products/product-info}}\"\r\n               href=\"{{url}}\"\r\n               data-event-type=\"product-click\"\r\n            >\r\n                {{name}}\r\n            </a>\r\n        </h3>\r\n\r\n        <div class=\"card-text card-price-wrapper\" data-test-info-type=\"price\">\r\n            {{#or customer (unless settings.hide_price_from_guests)}}\r\n                {{> components/products/price price=price}}\r\n            {{else}}\r\n                {{> components/common/login-for-pricing}}\r\n            {{/or}}\r\n        </div>\r\n        {{> components/products/bulk-discount-rates}}\r\n        <div class=\"card-quick-buttons\">\r\n            {{#unless hide_product_quick_view}}\r\n                {{#if theme_settings.show_product_quick_view}}\r\n                    <button type=\"button\" class=\"button button--secondary button--small quickview\" data-event-type=\"product-click\" data-product-id=\"{{id}}\">{{lang 'products.quick_view'}}</button>\r\n                {{/if}}\r\n            {{/unless}}\r\n            {{#if show_compare}}\r\n                <label class=\"button button--secondary button--small\" for=\"compare-{{id}}\">\r\n                    {{lang 'products.compare'}} <input type=\"checkbox\" name=\"products[]\" value=\"{{id}}\" id=\"compare-{{id}}\" data-compare-id=\"{{id}}\">\r\n                </label>\r\n            {{/if}}\r\n            {{#if show_cart_action}}\r\n                {{#if has_options}}\r\n                    <a href=\"{{url}}\" data-event-type=\"product-click\" class=\"button button--secondary button--small card-figcaption-button\" data-product-id=\"{{id}}\">{{lang 'products.choose_options'}}</a>\r\n                {{/if}}\r\n                {{#if pre_order}}\r\n                    <a href=\"{{pre_order_add_to_cart_url}}\" data-event-type=\"product-click\" class=\"button button--secondary button--small card-figcaption-button\">{{lang 'products.pre_order'}}</a>\r\n                {{/if}}\r\n                {{#if add_to_cart_url }}\r\n                    <a href=\"{{add_to_cart_url}}\" data-event-type=\"product-click\" data-button-type=\"add-cart\" class=\"button button--secondary button--small card-figcaption-button\">{{lang 'products.add_to_cart'}}</a>\r\n                    <span class=\"product-status-message aria-description--hidden\">{{lang 'category.add_cart_announcement'}}</span>\r\n                {{/if}}\r\n                {{#if out_of_stock_message }}\r\n                    <a href=\"{{url}}\" data-event-type=\"product-click\" class=\"button button--secondary button--small card-figcaption-button\" data-product-id=\"{{id}}\">{{out_of_stock_message}}</a>\r\n                {{/if}}\r\n            {{/if}}\r\n        </div>\r\n    </div>\r\n</article>\r\n",
  "components/carousel-content-announcement": "<span\r\n    data-carousel-content-change-message\r\n    class=\"aria-description--hidden\"\r\n    aria-live=\"polite\" \r\n    role=\"status\"></span>\r\n",
  "components/products/product-badge": "{{#if badge_view '===' 'sash'}}\r\n    <div class=\"{{badge-type}}-flag-sash\">\r\n        <span class=\"{{badge-type}}-text\">{{{badge_label}}}</span>\r\n    </div>\r\n{{else if badge_view '===' 'topleft'}}\r\n    <div class=\"{{badge-type}}-flag-side\">\r\n        <span class=\"{{badge-type}}-text\">{{{badge_label}}}</span>\r\n    </div>\r\n{{else if badge_view '===' 'burst'}}\r\n    <div class=\"starwrap\">\r\n        <div class=\"{{badge-type}}-text-burst\">{{{badge_label}}}</div>\r\n        <div class=\"{{badge-type}}-flag-star\"></div>\r\n    </div>\r\n{{/if}}\r\n",
  "components/products/product-info": "{{#or customer (unless settings.hide_price_from_guests)}}\r\n{{name}}, {{> components/products/product-aria-label}}\r\n{{else}}\r\n{{name}}\r\n{{/or}}\r\n",
  "components/products/ratings": "<span role=\"img\"\r\n    {{#if rating_target}}\r\n      aria-label=\"{{lang 'products.reviews.rating_aria_label' rating_target=rating_target current_rating=rating max_rating=5}}\"\r\n    {{else}}\r\n      aria-label=\"{{lang 'products.reviews.rating_aria_label' rating_target='Product' current_rating=rating max_rating=5}}\"\r\n    {{/if}}\r\n>\r\n    {{#for 1 5}}\r\n        {{#if ../this.rating '>=' $index}}\r\n            <span class=\"icon icon--ratingFull\">\r\n                <svg>\r\n                    <use href=\"#icon-star\" />\r\n                </svg>\r\n            </span>\r\n        {{else}}\r\n            <span class=\"icon icon--ratingEmpty\">\r\n                <svg>\r\n                    <use href=\"#icon-star\" />\r\n                </svg>\r\n            </span>\r\n        {{/if}}\r\n    {{/for}}\r\n</span>\r\n",
  "components/common/responsive-img": "{{!--\r\nThis file implements the lazysizes srcset pattern (as seen on\r\nhttps://github.com/aFarkas/lazysizes#modern-transparent-srcset-pattern) for maximum performance on modern browsers\r\nand reasonable compatibility with legacy browsers.\r\n\r\nThere are a few important arguments to know about when using this component:\r\n`lazyload`:\r\n    - If set to 'lazyload+lqip', will load a low-res image which will be replaced by lazysizes - ensuring that SOME\r\n    content is shown immediately on page load. Without LQIP, a transparent gif will be used instead, which reduces\r\n    the number of requests needed to load the page, making it even faster.\r\n    - If set to 'lazyload', the browser will not load the full-size image at first, instead the lazysizes plugin will\r\n        load it progressively after page load. This improves the load speed of the page, but it should be disabled for\r\n        high-priority above-the-fold images.\r\n    - If set to 'disabled', will not attempt to lazyload the image and instead tell the browser to load it immediately.\r\n        Use this for high-priority images that are above the fold.\r\n\r\n`fallback_size`:\r\n    This is the size to use for this image in legacy browsers that do not support srcset.\r\n    Can be defined as a pixel bounding-box size (e.g. \"123x123) or inherent width (e.g. \"123w\").\r\n\r\n`class`:\r\n    The CSS classes to add to the image, e.g. \"card-image\". If lazyloading is enabled, all images will have the\r\n    \"lazyload\" class so that lazysizes will target them automatically.\r\n\r\n`otherAttributes`:\r\n    Any other HTML attributes you want on the img tag, for example \"height='100' width='100'\"\r\n\r\n`default_image`:\r\n    The default image to use if `image` is undefined or falsy. Should be a theme asset, usually defined as a relative\r\n    path in the theme config. If a default image is not provided, you'll get an image tag with no image if the primary\r\n    image is undefined.\r\n\r\n`lqip_size`:\r\n    If you want to specify a particular size for the LQIP image, you can do so with this argument. A default of 80\r\n    pixels wide will be used otherwise. This argument has no effect if the lazyload mode is not \"lazyload+lqip\".\r\n\r\n--}}\r\n<img {{#if image}}{{!-- Get the default image for legacy browsers that do not support srcset\r\n--}}src=\"{{getImageSrcset image 1x=(default fallback_size '160w')}}\" alt=\"{{image.alt}}\" title=\"{{image.alt}}\" {{!--\r\n  Allow lazysizes to generate the 'sizes' attribute automatically --}}data-sizes=\"auto\"\r\n  {{#unless lazyload '==' 'disabled'}}\r\n    {{#if lazyload '==' 'lazyload+lqip'}}\r\n    {{!-- If we want a LQIP, include it as the default srcset (will be overwritten by lazysizes) --}}\r\n    srcset=\"{{getImageSrcset image 1x=(default lqip_size '80w')}}\"\r\n    {{else}}\r\n      {{!-- If we don't want a LQIP, use a 1px transparent gif for the stand-in image\r\n            This requires no additional network request, so it's fast --}}\r\n    srcset=\"data:image/gif;base64,R0lGODlhAQABAIAAAP///wAAACH5BAEAAAAALAAAAAABAAEAAAICRAEAOw==\"\r\n    {{/if}}\r\n{{/unless}}\r\n{{!-- If lazyloading is disabled, just use \"srcset\". If it is not disabled, use \"data-srcset\" so lazysizes will use\r\n      this after page load --}}\r\n{{!--\r\nGenerate the srcset string using the default sizes defined in the helper. This will allow the browser to\r\npick the best-sized image based on its own understanding of how it will render the page.\r\n--}}\r\n{{#unless lazyload '==' 'disabled'}}data-{{/unless}}srcset=\"{{getImageSrcset image use_default_sizes=true }}\"\r\n{{else if default_image}}src=\"{{cdn default_image}}\" alt=\"{{lang 'products.card_default_image_alt'}}\"{{/if}}\r\nclass=\"{{#unless lazyload '==' 'disabled'}}lazyload{{/unless}}{{#if class}} {{class}}{{/if}}\"\r\n{{#if lazyload '==' 'lazyload'}}loading=\"lazy\"{{/if}}\r\n{{otherAttributes}} />\r\n",
  "components/common/login-for-pricing": "<p translate>{{lang 'common.login_for_pricing'}}</p>\r\n",
  "components/products/price": "{{!-- There are 2 code paths for generating the PDP pricing HTML determined by the following #and condition.\r\nIf a 'price_range' exists then we generate all HTML in price-range.html, otherwise it is defined here. Both code\r\npaths generate the same HTML structure with some differences in whether that element is displayed by default (css styling).\r\n\r\nIf you are making a change here or in price-range.html, you probably want to make that change in both files. --}}\r\n\r\n{{#and price.price_range (if theme_settings.price_ranges '==' true)}}\r\n    {{> components/products/price-range price=price}}\r\n{{else}}\r\n    <div class=\"price-section price-section--withTax rrp-price--withTax\" {{#unless price.rrp_with_tax}}style=\"display: none;\"{{/unless}}>\r\n        <span>\r\n            {{> components/products/price-label\r\n                label_value=theme_settings.pdp-retail-price-label\r\n                fallback=(lang \"page_builder.pdp-retail-price-label\")\r\n            }}\r\n        </span>\r\n        <span data-product-rrp-with-tax class=\"price price--rrp\">\r\n            {{price.rrp_with_tax.formatted}}\r\n        </span>\r\n    </div>\r\n    <div class=\"price-section price-section--withTax non-sale-price--withTax\" {{#unless price.non_sale_price_with_tax}}style=\"display: none;\"{{/unless}}>\r\n        <span>\r\n            {{> components/products/price-label\r\n                label_value=theme_settings.pdp-non-sale-price-label\r\n                fallback=(lang \"page_builder.pdp-non-sale-price-label\")\r\n            }}\r\n        </span>\r\n        <span data-product-non-sale-price-with-tax class=\"price price--non-sale\">\r\n            {{price.non_sale_price_with_tax.formatted}}\r\n        </span>\r\n    </div>\r\n    <div class=\"price-section price-section--withTax price--withTax\" {{#unless price.with_tax}}style=\"display: none;{{/unless}}>\r\n        <span class=\"price-label\" {{#if price.non_sale_price_with_tax}}style=\"display: none;\"{{/if}}>\r\n            {{theme_settings.pdp-price-label}}\r\n        </span>\r\n        <span class=\"price-now-label\" {{#unless price.non_sale_price_with_tax}}style=\"display: none;\"{{/unless}}>\r\n            {{> components/products/price-label\r\n                label_value=theme_settings.pdp-sale-price-label\r\n                fallback=(lang \"page_builder.pdp-sale-price-label\")\r\n            }}\r\n        </span>\r\n        <span data-product-price-with-tax class=\"price\">{{price.with_tax.formatted}}</span>\r\n        {{#if price.without_tax}}\r\n            <abbr title=\"{{lang 'products.including_tax'}}\">{{lang 'products.price_with_tax' tax_label=price.tax_label}}</abbr>\r\n        {{/if}}\r\n    </div>\r\n    <div class=\"price-section price-section--withoutTax rrp-price--withoutTax{{#if price.with_tax}} price-section--minor{{/if}}\" {{#unless price.rrp_without_tax}}style=\"display: none;\"{{/unless}}>\r\n        <span>\r\n            {{> components/products/price-label\r\n                label_value=theme_settings.pdp-retail-price-label\r\n                fallback=(lang \"page_builder.pdp-retail-price-label\")\r\n            }}\r\n        </span>\r\n        <span data-product-rrp-price-without-tax class=\"price price--rrp\">\r\n            {{price.rrp_without_tax.formatted}}\r\n        </span>\r\n    </div>\r\n    <div class=\"price-section price-section--withoutTax non-sale-price--withoutTax{{#if price.with_tax}} price-section--minor{{/if}}\" {{#unless price.non_sale_price_without_tax}}style=\"display: none;\"{{/unless}}>\r\n        <span>\r\n            {{> components/products/price-label\r\n                label_value=theme_settings.pdp-non-sale-price-label\r\n                fallback=(lang \"page_builder.pdp-non-sale-price-label\")\r\n            }}\r\n        </span>\r\n        <span data-product-non-sale-price-without-tax class=\"price price--non-sale\">\r\n            {{price.non_sale_price_without_tax.formatted}}\r\n        </span>\r\n    </div>\r\n    <div class=\"price-section price-section--withoutTax price--withoutTax\" {{#unless price.without_tax}}style=\"display: none;\"{{/unless}}>\r\n        <span class=\"price-label\" {{#if price.non_sale_price_without_tax}}style=\"display: none;\"{{/if}}>\r\n            {{theme_settings.pdp-price-label}}\r\n        </span>\r\n        <span class=\"price-now-label\" {{#unless price.non_sale_price_without_tax}}style=\"display: none;\"{{/unless}}>\r\n            {{> components/products/price-label\r\n                label_value=theme_settings.pdp-sale-price-label\r\n                fallback=(lang \"page_builder.pdp-sale-price-label\")\r\n            }}\r\n        </span>\r\n        <span data-product-price-without-tax class=\"price{{#if price.with_tax}} price-section--minor{{/if}}\">{{price.without_tax.formatted}}</span>\r\n        {{#if price.with_tax}}\r\n            <abbr title=\"{{lang 'products.excluding_tax'}}\">{{lang 'products.price_without_tax' tax_label=price.tax_label}}</abbr>\r\n        {{/if}}\r\n    </div>\r\n    {{#if page_type '===' 'product'}}\r\n         <div class=\"price-section price-section--saving price\" {{#unless price.saved}}style=\"display: none;\"{{/unless}}>\r\n                <span class=\"price\">{{lang 'products.you_save_opening_text'}}</span>\r\n                <span data-product-price-saved class=\"price price--saving\">\r\n                    {{price.saved.formatted}}\r\n                </span>\r\n                <span class=\"price\">{{lang 'products.you_save_closing_bracket'}}</span>\r\n         </div>\r\n    {{/if}}\r\n{{/and}}\r\n",
  "components/products/bulk-discount-rates": "{{#if bulk_discount_rates.length}}\r\n    {{#if product}}<dt class=\"productView-info-name\">{{lang 'products.bulk_pricing.title'}}</dt>{{/if}}\r\n    <dd class=\"productView-info-value\">\r\n        <a href=\"{{product.url}}#bulk_pricing\"\r\n           {{#unless is_ajax }}data-reveal-id=\"modal-bulk-pricing{{#if id}}-{{id}}{{/if}}\"{{/unless}}>\r\n            {{lang 'products.bulk_pricing.view'}}\r\n        </a>\r\n    </dd>\r\n    <div id=\"modal-bulk-pricing{{#if id}}-{{id}}{{/if}}\" class=\"modal modal--small\" data-reveal>\r\n        <div class=\"modal-header\">\r\n            <h2 class=\"modal-header-title\">{{lang 'products.bulk_pricing.modal_title'}}</h2>\r\n            {{> components/common/modal/modal-close-btn}}\r\n        </div>\r\n        <div class=\"modal-body\">\r\n            <p>{{lang 'products.bulk_pricing.instructions'}}</p>\r\n            <ul>\r\n                {{#each bulk_discount_rates}}\r\n                <li>\r\n                    {{lang 'products.bulk_pricing.range' min=min max=max}}\r\n                    {{#if type '===' 'percent'}}\r\n                    {{lang 'products.bulk_pricing.percent' discount=discount.formatted}}\r\n                    {{else if type '===' 'fixed'}}\r\n                    {{lang 'products.bulk_pricing.fixed' discount=discount.formatted}}\r\n                    {{else if type '===' 'price'}}\r\n                    {{lang 'products.bulk_pricing.price' discount=discount.formatted}}\r\n                    {{/if}}\r\n                </li>\r\n                {{/each}}\r\n            </ul>\r\n        </div>\r\n    </div>\r\n{{/if}}\r\n",
  "components/products/product-aria-label": "{{#and price.price_range (if theme_settings.price_ranges '==' true)}}\r\n    {{#and price.price_range.min.with_tax price.price_range.max.with_tax}}\r\n{{lang 'category.shop_by_price_range_aria'\r\n       from=price.price_range.min.with_tax.formatted\r\n       to=price.price_range.max.with_tax.formatted\r\n}}\r\n    {{else}}\r\n{{lang 'category.shop_by_price_range_aria'\r\n       from=price.price_range.min.without_tax.formatted\r\n       to=price.price_range.max.without_tax.formatted\r\n}}\r\n    {{/and}}\r\n{{else}}\r\n    {{#if price.with_tax}}\r\n        {{#if price.non_sale_price_with_tax}}\r\n{{> components/products/price-label\r\n    label_value=theme_settings.pdp-non-sale-price-label\r\n    fallback=(lang \"page_builder.pdp-non-sale-price-label\")\r\n}}{{price.non_sale_price_with_tax.formatted}},\r\n{{> components/products/price-label\r\n    label_value=theme_settings.pdp-sale-price-label\r\n    fallback=(lang \"page_builder.pdp-sale-price-label\")\r\n}}{{price.with_tax.formatted}}\r\n        {{else}}\r\n{{price.with_tax.formatted}}\r\n        {{/if}}\r\n    {{else}}\r\n        {{#if price.non_sale_price_without_tax}}\r\n{{> components/products/price-label\r\n    label_value=theme_settings.pdp-non-sale-price-label\r\n    fallback=(lang \"page_builder.pdp-non-sale-price-label\")\r\n}}{{price.non_sale_price_without_tax.formatted}},\r\n{{> components/products/price-label\r\n    label_value=theme_settings.pdp-sale-price-label\r\n    fallback=(lang \"page_builder.pdp-sale-price-label\")\r\n}}{{price.without_tax.formatted}}\r\n        {{else}}\r\n{{price.without_tax.formatted}}\r\n        {{/if}}\r\n    {{/if}}\r\n{{/and}}\r\n",
  "components/products/price-range": "{{#and price.retail_price_range.min.with_tax price.retail_price_range.max.with_tax}}\r\n    <div class=\"price-section price-section--withTax rrp-price--withTax\">\r\n        <span>\r\n            {{> components/products/price-label\r\n                label_value=theme_settings.pdp-retail-price-label\r\n                fallback=(lang \"page_builder.pdp-retail-price-label\")\r\n            }}\r\n        </span>\r\n        <span data-product-rrp-price-with-tax class=\"price price--rrp\">{{price.retail_price_range.min.with_tax.formatted}} - {{price.retail_price_range.max.with_tax.formatted}}</span>\r\n    </div>\r\n{{else}}\r\n    {{#if price.with_tax}}\r\n        <div class=\"price-section price-section--withTax rrp-price--withTax\" style=\"display: none;\">\r\n            <span>\r\n                {{> components/products/price-label\r\n                    label_value=theme_settings.pdp-retail-price-label\r\n                    fallback=(lang \"page_builder.pdp-retail-price-label\")\r\n                }}\r\n            </span>\r\n            <span data-product-rrp-with-tax class=\"price price--rrp\">\r\n                {{price.rrp_with_tax.formatted}}\r\n            </span>\r\n        </div>\r\n    {{/if}}\r\n{{/and}}\r\n{{#and price.price_range.min.with_tax price.price_range.max.with_tax}}\r\n    {{!-- Never display the \"non-sales price\" if there is a price range to be shown, but we do want the element on the page --}}\r\n    <div class=\"price-section price-section--withTax non-sale-price--withTax\" style=\"display: none;\">\r\n        <span>\r\n            {{> components/products/price-label\r\n                label_value=theme_settings.pdp-non-sale-price-label\r\n                fallback=(lang \"page_builder.pdp-non-sale-price-label\")\r\n            }}\r\n        </span>\r\n        <span data-product-non-sale-price-with-tax class=\"price price--non-sale\">\r\n            {{price.non_sale_price_with_tax.formatted}}\r\n        </span>\r\n    </div>\r\n    <div class=\"price-section price-section--withTax price--withTax\">\r\n        <span class=\"price-label\">{{theme_settings.pdp-price-label}}</span>\r\n        <span class=\"price-now-label\" style=\"display: none;\">\r\n            {{> components/products/price-label\r\n                label_value=theme_settings.pdp-sale-price-label\r\n                fallback=(lang \"page_builder.pdp-sale-price-label\")\r\n            }}\r\n        </span>\r\n        <span data-product-price-with-tax class=\"price\">{{price.price_range.min.with_tax.formatted}} - {{price.price_range.max.with_tax.formatted}}</span>\r\n        {{#and price.price_range.min.without_tax price.price_range.max.without_tax}}\r\n            <abbr title=\"{{lang 'products.including_tax'}}\">{{lang 'products.price_with_tax' tax_label=price.price_range.min.tax_label}}</abbr>\r\n        {{/and}}\r\n    </div>\r\n{{/and}}\r\n{{#and price.retail_price_range.min.without_tax price.retail_price_range.max.without_tax}}\r\n    <div class=\"price-section price-section--withoutTax rrp-price--withoutTax{{#if price.with_tax}} price-section--minor{{/if}}\">\r\n        <span>\r\n            {{> components/products/price-label\r\n                label_value=theme_settings.pdp-retail-price-label\r\n                fallback=(lang \"page_builder.pdp-retail-price-label\")\r\n            }}\r\n        </span>\r\n        <span data-product-rrp-price-without-tax class=\"price price--rrp\">{{price.retail_price_range.min.without_tax.formatted}} - {{price.retail_price_range.max.without_tax.formatted}}</span>\r\n    </div>\r\n{{else}}\r\n    {{#if price.without_tax}}\r\n        <div class=\"price-section price-section--withoutTax rrp-price--withoutTax{{#if price.with_tax}} price-section--minor{{/if}}\" style=\"display: none;\">\r\n            <span>\r\n                {{> components/products/price-label\r\n                    label_value=theme_settings.pdp-retail-price-label\r\n                    fallback=(lang \"page_builder.pdp-retail-price-label\")\r\n                }}\r\n            </span>\r\n            <span data-product-rrp-price-without-tax class=\"price price--rrp\">\r\n                {{price.rrp_without_tax.formatted}}\r\n            </span>\r\n        </div>\r\n    {{/if}}\r\n{{/and}}\r\n{{#and price.price_range.min.without_tax price.price_range.max.without_tax}}\r\n    {{!-- Never display the \"non-sales price\" if there is a price range to be shown, but we do want the element on the page --}}\r\n    <div class=\"price-section price-section--withoutTax non-sale-price--withoutTax{{#if price.with_tax}} price-section--minor{{/if}}\" style=\"display: none;\">\r\n        <span>\r\n            {{> components/products/price-label\r\n                label_value=theme_settings.pdp-non-sale-price-label\r\n                fallback=(lang \"page_builder.pdp-non-sale-price-label\")\r\n            }}\r\n        </span>\r\n        <span data-product-non-sale-price-without-tax class=\"price price--non-sale\">\r\n            {{price.non_sale_price_without_tax.formatted}}\r\n        </span>\r\n    </div>\r\n    <div class=\"price-section price-section--withoutTax price--withoutTax{{#and price_range.min.with_tax price_range.max.with_tax}} price-section--minor{{/and}}\">\r\n        <span class=\"price-label\">{{theme_settings.pdp-price-label}}</span>\r\n        <span class=\"price-now-label\" style=\"display: none;\">\r\n            {{> components/products/price-label\r\n                label_value=theme_settings.pdp-sale-price-label\r\n                fallback=(lang \"page_builder.pdp-sale-price-label\")\r\n            }}\r\n        </span>\r\n        <span data-product-price-without-tax class=\"price\">{{price.price_range.min.without_tax.formatted}} - {{price.price_range.max.without_tax.formatted}}</span>\r\n        {{#and price.price_range.min.with_tax price.price_range.max.with_tax}}\r\n            <abbr title=\"{{lang 'products.excluding_tax'}}\">{{lang 'products.price_without_tax' tax_label=price.price_range.min.tax_label}}</abbr>\r\n        {{/and}}\r\n    </div>\r\n{{/and}}\r\n\r\n{{!-- Never display the \"saving price\" element by default if there is a price range on the page to be shown --}}\r\n{{#if page_type '===' 'product'}}\r\n     <div class=\"price-section price-section--saving price\" style=\"display: none;\">\r\n            <span class=\"price\">{{lang 'products.you_save_opening_text'}}</span>\r\n            <span data-product-price-saved class=\"price price--saving\">\r\n                {{price.saved.formatted}}\r\n            </span>\r\n            <span class=\"price\">{{lang 'products.you_save_closing_bracket'}}</span>\r\n     </div>\r\n{{/if}}\r\n",
  "components/products/price-label": "{{#if label_value '===' ''}}\r\n    {{fallback}}\r\n{{else}}\r\n    {{label_value}}\r\n{{/if}}\r\n",
  "components/common/modal/modal-close-btn": "<button class=\"modal-close\"\r\n        type=\"button\"\r\n        title=\"{{lang 'common.close'}}\"\r\n        {{additional_attr}}\r\n>\r\n    <span class=\"aria-description--hidden\">{{lang 'common.close'}}</span>\r\n    <span aria-hidden=\"true\">&#215;</span>\r\n</button>\r\n"
}